framework,path,id,creationDate,ownerUserId,postTypeId,acceptedAnswerId
github.com,android-test,61362916,2020-04-22T10:31:06.710,1083957,1,
github.com,android-test,61535060,2020-05-01T00:29:52.233,3268303,1,61575233
github.com,android-test,63059986,2020-07-23T17:34:19.497,3535408,1,
github.com,android-test,68534534,2021-07-26T18:00:14.513,9636037,1,
github.com,android-test,74630647,2022-11-30T15:55:55.913,4903876,1,
github.com,android-test,76049722,2023-04-18T23:29:37.090,20133009,1,
github.com,compose-samples,63685959,2020-09-01T10:32:22.400,12578380,1,63686058
github.com,compose-samples,64690821,2020-11-05T03:30:46.363,1498586,1,
github.com,compose-samples,66449161,2021-03-03T00:45:50.983,15318563,1,
github.com,compose-samples,66551858,2021-03-09T17:27:08.320,1228221,1,66638586
github.com,compose-samples,66742197,2021-03-22T08:01:32.587,10776107,1,69251907
github.com,compose-samples,67378308,2021-05-04T03:11:16.887,9636037,1,67381541
github.com,compose-samples,67447249,2021-05-08T11:54:01.797,8712876,1,67458573
github.com,compose-samples,67650892,2021-05-22T14:53:38.657,8835675,1,
github.com,compose-samples,68340503,2021-07-11T23:12:32.627,9091801,1,68340540
github.com,compose-samples,68507898,2021-07-24T07:27:13.060,3426472,1,
github.com,compose-samples,68560614,2021-07-28T12:42:46.870,8009973,1,
github.com,compose-samples,68738304,2021-08-11T08:13:27.410,9978524,1,
github.com,compose-samples,69222805,2021-09-17T11:36:50.550,13658281,1,
github.com,compose-samples,69493448,2021-10-08T09:18:30.600,11168170,1,
github.com,compose-samples,69540044,2021-10-12T11:52:07.387,11168170,1,69966108
github.com,compose-samples,69592170,2021-10-16T02:10:22.013,828896,1,69592252
github.com,compose-samples,69629067,2021-10-19T10:18:33.740,828896,1,69674786
github.com,compose-samples,69670919,2021-10-22T03:01:20.730,828896,1,69694528
github.com,compose-samples,69693392,2021-10-24T02:10:53.693,828896,1,69693487
github.com,compose-samples,69693583,2021-10-24T03:10:19.987,828896,1,69693738
github.com,compose-samples,69706347,2021-10-25T10:20:17.153,828896,1,69706532
github.com,compose-samples,69717113,2021-10-26T03:20:46.733,828896,1,69717432
github.com,compose-samples,69732128,2021-10-27T02:41:16.020,828896,1,69732261
github.com,compose-samples,69733447,2021-10-27T05:52:47.973,828896,1,69733987
github.com,compose-samples,69762710,2021-10-29T01:46:35.367,828896,1,69765481
github.com,compose-samples,69766354,2021-10-29T09:14:06.210,828896,1,
github.com,compose-samples,70120249,2021-11-26T06:18:14.503,17123424,1,70120384
github.com,compose-samples,70190761,2021-12-01T20:22:25.187,3536095,1,
github.com,compose-samples,70279262,2021-12-08T17:27:38.590,859225,1,70545659
github.com,compose-samples,70287710,2021-12-09T09:45:23.230,1315447,1,70287924
github.com,compose-samples,70363041,2021-12-15T11:38:43.480,3478906,1,
github.com,compose-samples,70584888,2022-01-04T20:50:13.893,14552676,1,
github.com,compose-samples,70790138,2022-01-20T16:45:48.547,2946864,1,70790523
github.com,compose-samples,70984748,2022-02-04T10:22:05.347,2976366,1,70992479
github.com,compose-samples,71150537,2022-02-16T23:21:24.027,9467134,1,
github.com,compose-samples,71348556,2022-03-04T08:30:13.223,5229463,1,
github.com,compose-samples,71611406,2022-03-25T02:10:07.820,18516947,1,
github.com,compose-samples,71706002,2022-04-01T11:11:44.527,5769118,1,
github.com,compose-samples,72455254,2022-06-01T00:12:15.023,9820469,1,
github.com,compose-samples,73167497,2022-07-29T13:25:46.590,1375882,1,
github.com,compose-samples,73274007,2022-08-08T07:08:40.127,1375882,1,
github.com,compose-samples,73275180,2022-08-08T08:51:09.017,1375882,1,
github.com,compose-samples,73292876,2022-08-09T13:41:57.207,1375882,1,
github.com,compose-samples,73316817,2022-08-11T07:27:32.960,828896,1,73317023
github.com,compose-samples,73967960,2022-10-06T01:59:01.900,11048731,1,75659023
github.com,compose-samples,75721334,2023-03-13T11:34:55.060,7767664,1,75721679
github.com,compose-samples,76413039,2023-06-06T09:06:10.173,828896,1,
github.com,compose-samples,76483173,2023-06-15T13:48:58.110,11971209,1,
github.com,compose-samples,76528454,2023-06-22T03:33:51.763,828896,1,76586020
github.com,compose-samples,76580044,2023-06-29T10:06:27.400,2412909,1,
github.com,compose-samples,76685433,2023-07-14T07:09:53.700,21197370,1,76692740
github.com,compose-samples,76720791,2023-07-19T11:25:24.197,14274660,1,
github.com,compose-samples,76759087,2023-07-25T02:19:37.673,828896,1,
github.com,compose-samples,77297409,2023-10-15T15:52:44.370,15597975,1,77297541
github.com,nowinandroid,72395720,2022-05-26T17:21:41.787,4138919,1,
github.com,nowinandroid,72809438,2022-06-30T01:35:32.943,14117210,1,
github.com,nowinandroid,74089871,2022-10-16T18:48:35.887,4138919,1,
github.com,nowinandroid,74091673,2022-10-17T00:55:16.093,828896,1,74091882
github.com,nowinandroid,74092059,2022-10-17T02:26:44.547,828896,1,74165247
github.com,nowinandroid,74133545,2022-10-20T01:32:12.850,828896,1,74161406
github.com,nowinandroid,74136694,2022-10-20T08:30:00.977,828896,1,74137092
github.com,nowinandroid,74639472,2022-12-01T09:17:16.983,19781877,1,
github.com,nowinandroid,74640407,2022-12-01T10:29:07.697,5484596,1,74667391
github.com,nowinandroid,74879331,2022-12-21T16:57:24.117,3354265,1,
github.com,nowinandroid,74983330,2023-01-02T14:01:51.610,13558952,1,
github.com,nowinandroid,75134958,2023-01-16T13:34:28.330,11426020,1,
github.com,nowinandroid,75295307,2023-01-31T09:49:18.307,5165631,1,
github.com,nowinandroid,75378697,2023-02-07T20:31:47.820,4200187,1,
github.com,nowinandroid,75392172,2023-02-08T21:59:53.260,337455,1,
github.com,nowinandroid,75495824,2023-02-18T19:22:55.193,15597975,1,75692828
github.com,nowinandroid,75583497,2023-02-27T17:09:16.353,16477764,1,
github.com,nowinandroid,75721334,2023-03-13T11:34:55.060,7767664,1,75721679
github.com,nowinandroid,75855649,2023-03-27T12:18:20.317,7767664,1,75856486
github.com,nowinandroid,75965916,2023-04-08T14:53:39.257,21404883,1,
github.com,nowinandroid,76045365,2023-04-18T13:44:08.877,12956917,1,
github.com,nowinandroid,76051526,2023-04-19T06:55:36.747,7279304,1,
github.com,nowinandroid,76139169,2023-04-30T01:22:24.373,19054870,1,
github.com,nowinandroid,76157365,2023-05-02T17:21:13.793,7767664,1,
github.com,nowinandroid,76888858,2023-08-12T10:32:40.030,8551764,1,
github.com,nowinandroid,76960994,2023-08-23T11:38:09.507,7767664,1,
github.com,nowinandroid,77203710,2023-09-29T17:10:28.877,5617087,1,
github.com,nowinandroid,77279080,2023-10-12T08:48:48.693,5595926,1,
github.com,snippets,65800879,2021-01-19T23:09:41.280,8876227,1,66247866
github.com,snippets,66627912,2021-03-14T18:07:21.413,15394894,1,66713643
github.com,snippets,68534534,2021-07-26T18:00:14.513,9636037,1,
github.com,snippets,74361197,2022-11-08T13:02:20.213,17952421,1,74363723
github.com,snippets,74589147,2022-11-27T10:16:38.053,12062895,1,
github.com,snippets,74867275,2022-12-20T18:14:42.010,12228296,1,74876629
github.com,snippets,76633910,2023-07-07T04:15:45.960,7637376,1,
github.com,snippets,76912586,2023-08-16T10:10:45.060,6751083,1,76918823
github.com,gradle-recipes,67966453,2021-06-14T07:39:46.670,1644053,1,
github.com,gradle-recipes,76855573,2023-08-07T22:52:22.553,6540,1,
github.com,wear-os-samples,62045878,2020-05-27T14:42:54.837,1336989,1,62046426
github.com,wear-os-samples,64102470,2020-09-28T12:46:04.083,1091302,1,
github.com,wear-os-samples,70640436,2022-01-09T10:36:56.113,1328355,1,
github.com,wear-os-samples,71815650,2022-04-10T10:18:37.257,16454352,1,
github.com,wear-os-samples,71916810,2022-04-18T20:35:40.490,492482,1,
github.com,wear-os-samples,72253362,2022-05-16T01:25:58.810,2795677,1,
github.com,wear-os-samples,73385557,2022-08-17T08:53:37.863,9160119,1,
github.com,wear-os-samples,74576594,2022-11-25T18:15:00.800,10321664,1,74583656
github.com,wear-os-samples,74646104,2022-12-01T17:46:13.367,6272866,1,
github.com,wear-os-samples,75455218,2023-02-15T03:21:35.907,20057970,1,77393816
github.com,wear-os-samples,76989951,2023-08-28T03:54:32.987,3826764,1,
github.com,ndk-samples,58980171,2019-11-21T17:05:55.787,12411600,1,58996583
github.com,ndk-samples,59370001,2019-12-17T08:12:32.283,3892248,1,
github.com,ndk-samples,59465963,2019-12-24T08:29:06.203,8680581,1,59497487
github.com,ndk-samples,60334637,2020-02-21T08:20:47.863,1693203,1,
github.com,ndk-samples,60925493,2020-03-30T06:59:37.037,8176989,1,
github.com,ndk-samples,61444546,2020-04-26T16:51:28.820,13311964,1,61445066
github.com,ndk-samples,62175986,2020-06-03T14:57:02.830,1693203,1,62191199
github.com,ndk-samples,63739383,2020-09-04T10:28:57.440,8626656,1,
github.com,ndk-samples,64118313,2020-09-29T11:05:06.823,1935655,1,
github.com,ndk-samples,64191484,2020-10-04T05:32:05.887,8110010,1,
github.com,ndk-samples,64546105,2020-10-26T22:57:44.063,5130269,1,64605168
github.com,ndk-samples,65988474,2021-02-01T07:09:48.607,299711,1,
github.com,ndk-samples,67477625,2021-05-10T20:59:25.697,15817630,1,
github.com,ndk-samples,67920468,2021-06-10T11:43:24.380,16186283,1,
github.com,ndk-samples,68326747,2021-07-10T10:12:36.540,2614250,1,
github.com,ndk-samples,69543808,2021-10-12T16:12:02.917,9789012,1,
github.com,ndk-samples,70273157,2021-12-08T10:06:11.607,13182309,1,
github.com,ndk-samples,70285658,2021-12-09T06:39:14.917,644010,1,
github.com,ndk-samples,70759555,2022-01-18T17:04:31.940,5871751,1,
github.com,ndk-samples,74589147,2022-11-27T10:16:38.053,12062895,1,
github.com,ndk-samples,77019845,2023-08-31T23:53:25.553,3657747,1,
github.com,ndk-samples,77509620,2023-11-19T04:44:20.267,1201089,1,
github.com,user-interface-samples,59586207,2020-01-03T22:40:37.830,11736794,1,60020850
github.com,user-interface-samples,62735895,2020-07-05T01:07:58.173,828896,1,62737182
github.com,user-interface-samples,62747955,2020-07-06T01:16:21.560,828896,1,62788019
github.com,user-interface-samples,62771852,2020-07-07T09:13:14.227,828896,1,62910981
github.com,user-interface-samples,62806833,2020-07-09T03:17:02.730,828896,1,
github.com,user-interface-samples,62808641,2020-07-09T06:20:28.507,828896,1,63112379
github.com,user-interface-samples,64938421,2020-11-20T23:54:36.360,1129332,1,64971513
github.com,user-interface-samples,65554375,2021-01-03T20:03:12.063,11209037,1,65554537
github.com,user-interface-samples,66508641,2021-03-06T17:31:51.030,14191227,1,
github.com,user-interface-samples,66526296,2021-03-08T08:14:09.267,828896,1,66526466
github.com,user-interface-samples,69372950,2021-09-29T08:29:43.850,741795,1,
github.com,user-interface-samples,70560908,2022-01-03T01:13:53.967,17818420,1,70561027
github.com,user-interface-samples,72168572,2022-05-09T07:48:19.637,467650,1,72345807
github.com,user-interface-samples,74582375,2022-11-26T12:59:10.157,15597975,1,74582789
github.com,user-interface-samples,75907763,2023-04-01T17:24:20.537,21544331,1,76852460
github.com,user-interface-samples,76873575,2023-08-10T07:41:35.940,10207502,1,
github.com,user-interface-samples,77305870,2023-10-17T02:25:15.863,7621652,1,
github.com,camera-samples,30334319,2015-05-19T19:17:52.993,1100525,1,
github.com,camera-samples,58159891,2019-09-29T23:05:38.897,6939854,1,60095886
github.com,camera-samples,58193856,2019-10-02T00:35:35.237,828896,1,58212917
github.com,camera-samples,58256227,2019-10-06T10:08:42.697,7947113,1,
github.com,camera-samples,58333195,2019-10-11T01:47:20.113,828896,1,58333276
github.com,camera-samples,58359836,2019-10-13T01:12:33.947,828896,1,
github.com,camera-samples,58555058,2019-10-25T08:41:02.123,2762990,1,59875136
github.com,camera-samples,58567716,2019-10-26T03:02:20.090,828896,1,
github.com,camera-samples,58722711,2019-11-06T03:34:30.640,828896,1,58723780
github.com,camera-samples,58740947,2019-11-07T02:03:48.997,828896,1,
github.com,camera-samples,58749018,2019-11-07T12:42:30.747,3871859,1,
github.com,camera-samples,58785384,2019-11-10T02:59:58.300,828896,1,58785606
github.com,camera-samples,58798419,2019-11-11T09:11:47.967,828896,1,
github.com,camera-samples,58825452,2019-11-12T19:30:21.923,10192418,1,
github.com,camera-samples,58872770,2019-11-15T08:10:08.843,828896,1,59516998
github.com,camera-samples,59007364,2019-11-23T11:59:10.983,828896,1,59045412
github.com,camera-samples,59023755,2019-11-25T00:23:21.007,828896,1,59165764
github.com,camera-samples,59063606,2019-11-27T05:31:01.807,828896,1,59217104
github.com,camera-samples,59088045,2019-11-28T11:39:43.787,12451452,1,
github.com,camera-samples,59320798,2019-12-13T10:38:07.527,1318946,1,
github.com,camera-samples,59432672,2019-12-21T00:32:12.600,1213617,1,
github.com,camera-samples,59534731,2019-12-30T17:37:18.310,4206520,1,
github.com,camera-samples,59613877,2020-01-06T14:32:03.933,3505534,1,
github.com,camera-samples,59621149,2020-01-07T01:40:36.687,828896,1,59668437
github.com,camera-samples,59836385,2020-01-21T07:50:37.020,11884175,1,
github.com,camera-samples,59991021,2020-01-30T17:05:07.353,5815054,1,
github.com,camera-samples,60545408,2020-03-05T12:26:42.037,4386668,1,
github.com,camera-samples,60734157,2020-03-18T05:52:39.147,8629522,1,
github.com,camera-samples,60824076,2020-03-24T02:15:10.213,9883858,1,61073832
github.com,camera-samples,60957921,2020-03-31T18:56:26.907,13173771,1,
github.com,camera-samples,61151258,2020-04-11T02:10:05.673,3598052,1,
github.com,camera-samples,61227001,2020-04-15T10:55:32.607,10159898,1,
github.com,camera-samples,61238789,2020-04-15T21:19:18.333,1771187,1,61238901
github.com,camera-samples,61410832,2020-04-24T14:34:08.340,10159898,1,
github.com,camera-samples,61626653,2020-05-06T03:04:42.153,951745,1,61667611
github.com,camera-samples,61748470,2020-05-12T09:40:12.937,13524488,1,61764557
github.com,camera-samples,62204461,2020-06-04T21:30:19.123,12557215,1,62221552
github.com,camera-samples,62273082,2020-06-09T00:16:27.277,12234425,1,
github.com,camera-samples,62471842,2020-06-19T13:55:19.023,9163128,1,
github.com,camera-samples,63174125,2020-07-30T13:20:37.713,7767664,1,63187231
github.com,camera-samples,63938168,2020-09-17T12:36:28.000,384238,1,
github.com,camera-samples,64144472,2020-09-30T19:27:18.717,6406201,1,
github.com,camera-samples,65218788,2020-12-09T14:30:44.950,10159898,1,
github.com,camera-samples,65577507,2021-01-05T10:55:23.220,9212745,1,65583947
github.com,camera-samples,65682233,2021-01-12T10:36:45.367,5281431,1,
github.com,camera-samples,66102189,2021-02-08T13:02:06.093,15153509,1,
github.com,camera-samples,66318595,2021-02-22T15:28:38.230,8980240,1,66325671
github.com,camera-samples,66342852,2021-02-24T00:10:55.287,2016805,1,
github.com,camera-samples,66352250,2021-02-24T13:50:38.030,14191227,1,
github.com,camera-samples,66385632,2021-02-26T12:12:19.050,1615070,1,66385660
github.com,camera-samples,67020602,2021-04-09T11:51:11.147,7745011,1,67021393
github.com,camera-samples,67031021,2021-04-10T05:09:30.713,15527965,1,67031637
github.com,camera-samples,67285764,2021-04-27T15:09:55.543,15777039,1,
github.com,camera-samples,68071724,2021-06-21T16:42:23.137,3721276,1,
github.com,camera-samples,68283847,2021-07-07T09:58:56.600,4190598,1,
github.com,camera-samples,69029799,2021-09-02T11:55:29.190,4619958,1,69241253
github.com,camera-samples,69342964,2021-09-27T07:49:32.727,9882791,1,
github.com,camera-samples,69725035,2021-10-26T14:31:57.363,7767664,1,69727048
github.com,camera-samples,71437819,2022-03-11T11:27:09.953,4478835,1,
github.com,camera-samples,71610319,2022-03-24T22:49:50.033,18573319,1,71612587
github.com,camera-samples,71804697,2022-04-09T01:51:36.323,17836058,1,71804977
github.com,camera-samples,73202741,2022-08-02T06:12:52.460,5255006,1,
github.com,camera-samples,73414801,2022-08-19T09:41:03.730,3904125,1,
github.com,camera-samples,73491237,2022-08-25T16:59:43.293,19814590,1,
github.com,camera-samples,73674346,2022-09-10T18:36:45.430,13005391,1,75041648
github.com,camera-samples,74793474,2022-12-14T04:07:06.593,2043960,1,
github.com,camera-samples,75202326,2023-01-22T17:08:47.010,1332872,1,
github.com,camera-samples,76442235,2023-06-09T16:40:31.280,10365380,1,
github.com,camera-samples,76578796,2023-06-29T07:13:33.713,20447173,1,
github.com,camera-samples,76620991,2023-07-05T13:46:32.153,3027124,1,
github.com,camera-samples,76834882,2023-08-04T10:01:44.407,20898616,1,
github.com,camera-samples,76857111,2023-08-08T06:56:04.950,20898616,1,
github.com,camera-samples,76920759,2023-08-17T10:44:21.070,2289835,1,
github.com,camera-samples,77539388,2023-11-23T20:04:06.690,9338303,1,
github.com,codelab-android-compose,77521746,2023-11-21T09:40:42.727,10384840,1,
github.com,play-billing-samples,58429712,2019-10-17T09:49:51.277,1079483,1,
github.com,play-billing-samples,58472629,2019-10-20T11:39:11.660,1079483,1,58472721
github.com,play-billing-samples,59697290,2020-01-11T18:16:50.340,1324802,1,61106013
github.com,play-billing-samples,59735936,2020-01-14T14:37:36.493,2206688,1,61137827
github.com,play-billing-samples,60072280,2020-02-05T09:03:54.943,828896,1,
github.com,play-billing-samples,61179284,2020-04-12T22:57:26.057,,1,61180159
github.com,play-billing-samples,61284245,2020-04-18T04:31:30.690,1568355,1,61284908
github.com,play-billing-samples,61608101,2020-05-05T07:41:10.890,1568355,1,
github.com,play-billing-samples,61810531,2020-05-15T02:06:45.773,828896,1,61810730
github.com,play-billing-samples,61830836,2020-05-16T01:39:13.120,828896,1,61907682
github.com,play-billing-samples,61865447,2020-05-18T08:27:31.640,828896,1,62001344
github.com,play-billing-samples,61907342,2020-05-20T07:24:46.200,828896,1,62218448
github.com,play-billing-samples,61926353,2020-05-21T02:49:59.520,828896,1,62188219
github.com,play-billing-samples,62912888,2020-07-15T10:30:45.853,395869,1,
github.com,play-billing-samples,62935566,2020-07-16T13:13:19.120,395869,1,
github.com,play-billing-samples,63227159,2020-08-03T09:47:44.553,2256937,1,
github.com,play-billing-samples,63239193,2020-08-04T01:57:28.610,828896,1,63419193
github.com,play-billing-samples,63239789,2020-08-04T03:24:29.047,828896,1,
github.com,play-billing-samples,63682571,2020-09-01T06:37:08.977,12991842,1,
github.com,play-billing-samples,64046261,2020-09-24T12:16:41.377,6276596,1,
github.com,play-billing-samples,65833446,2021-01-21T18:17:01.217,15046746,1,
github.com,play-billing-samples,66678667,2021-03-17T17:56:03.757,7386018,1,66679028
github.com,play-billing-samples,66862664,2021-03-29T22:54:33.517,12560952,1,
github.com,play-billing-samples,67818644,2021-06-03T09:12:28.137,3648780,1,67876107
github.com,play-billing-samples,68210837,2021-07-01T13:09:28.407,16353695,1,
github.com,play-billing-samples,68267492,2021-07-06T08:58:40.133,763935,1,
github.com,play-billing-samples,68509048,2021-07-24T10:19:13.097,16504649,1,
github.com,play-billing-samples,68513844,2021-07-24T21:12:30.973,16504649,1,
github.com,play-billing-samples,73250921,2022-08-05T13:56:11.673,19699566,1,
github.com,play-billing-samples,73386331,2022-08-17T09:48:57.060,702267,1,
github.com,play-billing-samples,73677452,2022-09-11T07:07:50.430,828896,1,
github.com,play-billing-samples,74515542,2022-11-21T07:31:30.050,828896,1,74619909
github.com,play-billing-samples,75391157,2023-02-08T20:01:10.340,4898850,1,
github.com,architecture-samples,58329638,2019-10-10T19:09:48.697,8392648,1,
github.com,architecture-samples,58398181,2019-10-15T15:31:27.707,898307,1,
github.com,architecture-samples,58534129,2019-10-24T04:25:24.007,5938872,1,58536529
github.com,architecture-samples,58548104,2019-10-24T19:37:31.907,5741378,1,58549770
github.com,architecture-samples,58577838,2019-10-27T08:50:11.097,11313307,1,
github.com,architecture-samples,58690514,2019-11-04T09:32:12.063,5097539,1,
github.com,architecture-samples,58714389,2019-11-05T15:19:00.760,7114714,1,
github.com,architecture-samples,58890105,2019-11-16T11:14:03.947,7775572,1,59247475
github.com,architecture-samples,58949348,2019-11-20T08:00:31.740,5652438,1,58966850
github.com,architecture-samples,59002902,2019-11-22T23:04:23.443,3248451,1,
github.com,architecture-samples,59091161,2019-11-28T14:33:04.980,5993479,1,
github.com,architecture-samples,59260159,2019-12-10T04:18:23.767,5745925,1,
github.com,architecture-samples,59710644,2020-01-13T04:30:30.780,5993479,1,59716234
github.com,architecture-samples,59723981,2020-01-13T20:52:10.913,1386556,1,
github.com,architecture-samples,60149613,2020-02-10T11:38:27.253,2440158,1,
github.com,architecture-samples,60238020,2020-02-15T10:51:26.480,7947113,1,60238167
github.com,architecture-samples,60239426,2020-02-15T13:56:22.850,4744188,1,
github.com,architecture-samples,60272720,2020-02-18T02:00:10.637,12568657,1,60273002
github.com,architecture-samples,61262847,2020-04-17T01:47:22.577,828896,1,61355906
github.com,architecture-samples,61300595,2020-04-19T06:49:26.273,828896,1,61301037
github.com,architecture-samples,61314478,2020-04-20T02:59:51.530,828896,1,61314804
github.com,architecture-samples,61316301,2020-04-20T06:27:00.137,828896,1,61316421
github.com,architecture-samples,61355592,2020-04-22T00:55:30.460,828896,1,61470650
github.com,architecture-samples,61422796,2020-04-25T08:15:48.573,828896,1,
github.com,architecture-samples,61493514,2020-04-29T03:03:04.337,828896,1,
github.com,architecture-samples,61497135,2020-04-29T08:14:49.987,828896,1,61572572
github.com,architecture-samples,61514008,2020-04-30T00:37:53.157,828896,1,
github.com,architecture-samples,61514570,2020-04-30T01:44:05.217,828896,1,61706616
github.com,architecture-samples,61566153,2020-05-02T20:52:40.180,4746977,1,
github.com,architecture-samples,61586416,2020-05-04T06:33:50.517,828896,1,61587844
github.com,architecture-samples,61604807,2020-05-05T02:38:02.427,828896,1,61605621
github.com,architecture-samples,62241686,2020-06-07T06:28:08.403,2523410,1,
github.com,architecture-samples,62259665,2020-06-08T10:07:45.613,7429499,1,62264049
github.com,architecture-samples,62789101,2020-07-08T06:52:40.787,13292882,1,
github.com,architecture-samples,62823817,2020-07-09T21:14:52.530,13901703,1,63384418
github.com,architecture-samples,62870040,2020-07-13T06:02:09.940,828896,1,62870095
github.com,architecture-samples,63571200,2020-08-25T02:25:50.000,828896,1,63574068
github.com,architecture-samples,63786499,2020-09-08T02:53:04.180,828896,1,63840207
github.com,architecture-samples,63788508,2020-09-08T06:50:13.627,7391720,1,63788708
github.com,architecture-samples,63788552,2020-09-08T06:52:40.533,828896,1,64164520
github.com,architecture-samples,64364162,2020-10-15T02:53:18.207,9861403,1,
github.com,architecture-samples,64452625,2020-10-20T20:08:15.620,10716726,1,
github.com,architecture-samples,65379854,2020-12-20T12:28:21.720,1851366,1,65381251
github.com,architecture-samples,65994345,2021-02-01T14:20:17.710,14062940,1,
github.com,architecture-samples,66764260,2021-03-23T13:34:47.000,13440079,1,66776988
github.com,architecture-samples,67900108,2021-06-09T08:11:04.300,13621090,1,
github.com,architecture-samples,68116810,2021-06-24T13:33:31.710,6486677,1,68116956
github.com,architecture-samples,68231605,2021-07-02T21:58:28.323,16368477,1,
github.com,architecture-samples,68351244,2021-07-12T16:56:39.110,7933960,1,
github.com,architecture-samples,68827676,2021-08-18T06:48:26.513,5985958,1,
github.com,architecture-samples,69841909,2021-11-04T15:41:35.977,7906057,1,
github.com,architecture-samples,71251832,2022-02-24T12:17:00.057,5261361,1,71278214
github.com,architecture-samples,71273605,2022-02-26T02:21:21.373,8143136,1,
github.com,architecture-samples,71539722,2022-03-19T16:00:13.147,10742101,1,
github.com,architecture-samples,71601256,2022-03-24T10:59:59.080,828896,1,71603879
github.com,architecture-samples,72317315,2022-05-20T10:23:15.150,828896,1,72421286
github.com,architecture-samples,74714248,2022-12-07T09:17:46.900,14335049,1,
github.com,architecture-samples,76040679,2023-04-18T02:39:49.850,19659923,1,76040726
github.com,architecture-samples,76404243,2023-06-05T07:19:29.547,828896,1,76407457
github.com,architecture-samples,76413039,2023-06-06T09:06:10.173,828896,1,
github.com,architecture-samples,76428050,2023-06-08T01:30:41.183,828896,1,76431705
github.com,architecture-samples,76573968,2023-06-28T14:04:51.003,21056841,1,76574305
github.com,architecture-samples,76759087,2023-07-25T02:19:37.673,828896,1,
github.com,architecture-samples,76780056,2023-07-27T13:06:31.230,9511089,1,
github.com,animation-samples,60363722,2020-02-23T15:23:26.420,9150068,1,
github.com,animation-samples,62939440,2020-07-16T16:40:02.310,11846575,1,
github.com,animation-samples,64886057,2020-11-18T02:17:59.167,7877391,1,
github.com,animation-samples,77004643,2023-08-30T02:33:47.643,277480,1,
github.com,architecture-templates,75077083,2023-01-11T00:03:04.517,3608785,1,
github.com,health-samples,68271344,2021-07-06T13:19:39.603,16343477,1,
github.com,health-samples,72573722,2022-06-10T11:42:40.360,9635131,1,72818790
github.com,health-samples,72949253,2022-07-12T08:29:41.053,1711423,1,
github.com,health-samples,73742226,2022-09-16T08:45:45.187,8067131,1,
github.com,health-samples,75455218,2023-02-15T03:21:35.907,20057970,1,77393816
github.com,health-samples,75764660,2023-03-17T07:12:09.663,21417559,1,
github.com,health-samples,76710253,2023-07-18T07:05:58.607,1397821,1,76725077
github.com,health-samples,77323704,2023-10-19T12:19:57.340,22768458,1,
github.com,platform-samples,77101459,2023-09-14T02:38:49.357,3274094,1,
github.com,identity-samples,59528413,2019-12-30T09:24:56.270,277267,1,
github.com,identity-samples,66252392,2021-02-18T01:39:13.547,4171350,1,
github.com,identity-samples,74781384,2022-12-13T07:35:52.843,8572329,1,
github.com,identity-samples,77005981,2023-08-30T07:56:33.803,22469750,1,
github.com,identity-samples,77247165,2023-10-06T20:18:17.673,1877798,1,
github.com,ndk,58980171,2019-11-21T17:05:55.787,12411600,1,58996583
github.com,ndk,59370001,2019-12-17T08:12:32.283,3892248,1,
github.com,ndk,59465963,2019-12-24T08:29:06.203,8680581,1,59497487
github.com,ndk,60334637,2020-02-21T08:20:47.863,1693203,1,
github.com,ndk,60925493,2020-03-30T06:59:37.037,8176989,1,
github.com,ndk,61444546,2020-04-26T16:51:28.820,13311964,1,61445066
github.com,ndk,61535060,2020-05-01T00:29:52.233,3268303,1,61575233
github.com,ndk,62175986,2020-06-03T14:57:02.830,1693203,1,62191199
github.com,ndk,63739383,2020-09-04T10:28:57.440,8626656,1,
github.com,ndk,64057480,2020-09-25T03:43:43.850,2638048,1,
github.com,ndk,64118313,2020-09-29T11:05:06.823,1935655,1,
github.com,ndk,64191484,2020-10-04T05:32:05.887,8110010,1,
github.com,ndk,64275072,2020-10-09T06:38:47.130,5257901,1,64613418
github.com,ndk,64494220,2020-10-23T05:13:15.567,5332358,1,64546316
github.com,ndk,64546105,2020-10-26T22:57:44.063,5130269,1,64605168
github.com,ndk,65988474,2021-02-01T07:09:48.607,299711,1,
github.com,ndk,67477625,2021-05-10T20:59:25.697,15817630,1,
github.com,ndk,67920468,2021-06-10T11:43:24.380,16186283,1,
github.com,ndk,68326747,2021-07-10T10:12:36.540,2614250,1,
github.com,ndk,69543808,2021-10-12T16:12:02.917,9789012,1,
github.com,ndk,70273157,2021-12-08T10:06:11.607,13182309,1,
github.com,ndk,70285658,2021-12-09T06:39:14.917,644010,1,
github.com,ndk,70759555,2022-01-18T17:04:31.940,5871751,1,
github.com,ndk,72725161,2022-06-23T05:53:35.057,975959,1,72797747
github.com,ndk,73961658,2022-10-05T14:09:02.957,132296,1,
github.com,ndk,74589147,2022-11-27T10:16:38.053,12062895,1,
github.com,ndk,74768233,2022-12-12T08:10:45.760,1375882,1,
github.com,ndk,76376942,2023-05-31T20:12:13.993,2703209,1,
github.com,ndk,76677079,2023-07-13T07:51:32.600,8187815,1,76677513
github.com,ndk,77002551,2023-08-29T17:47:11.443,10262233,1,
github.com,ndk,77019845,2023-08-31T23:53:25.553,3657747,1,
github.com,ndk,77509620,2023-11-19T04:44:20.267,1201089,1,
github.com,ndk,77569804,2023-11-29T09:07:16.603,7311026,1,
github.com,testing-samples,58492683,2019-10-21T19:05:12.017,2715384,1,
github.com,testing-samples,63230196,2020-08-03T13:17:56.263,14042033,1,
github.com,testing-samples,64057480,2020-09-25T03:43:43.850,2638048,1,
github.com,testing-samples,65517701,2020-12-31T07:04:30.557,737172,1,
github.com,testing-samples,67504879,2021-05-12T13:42:34.417,737172,1,67508315
github.com,testing-samples,68162249,2021-06-28T11:06:46.887,668455,1,
github.com,testing-samples,74419332,2022-11-13T07:56:16.030,1079990,1,
github.com,testing-samples,74795174,2022-12-14T08:04:59.343,20773213,1,
github.com,testing-samples,76778926,2023-07-27T10:40:29.657,21868331,1,
github.com,sunflower,57306379,2019-08-01T09:54:11.317,2810515,1,
github.com,sunflower,58791728,2019-11-10T18:31:40.950,11313307,1,
github.com,sunflower,58817055,2019-11-12T10:47:11.523,3952802,1,58817572
github.com,sunflower,58914464,2019-11-18T12:21:18.047,2739849,1,58917083
github.com,sunflower,58976619,2019-11-21T13:54:54.783,818455,1,
github.com,sunflower,59216701,2019-12-06T16:15:58.630,4125383,1,
github.com,sunflower,59553100,2020-01-01T13:52:25.617,2468360,1,59553124
github.com,sunflower,60461466,2020-02-29T02:28:28.417,828896,1,
github.com,sunflower,60484372,2020-03-02T07:37:23.417,828896,1,60523521
github.com,sunflower,60612026,2020-03-10T05:32:24.097,10124152,1,60620487
github.com,sunflower,61017986,2020-04-03T18:12:11.547,10753343,1,61018086
github.com,sunflower,61169428,2020-04-12T09:38:13.863,6802159,1,
github.com,sunflower,62231832,2020-06-06T12:37:51.223,7947113,1,
github.com,sunflower,62495762,2020-06-21T07:40:24.113,828896,1,62541184
github.com,sunflower,62886691,2020-07-14T01:24:37.420,828896,1,
github.com,sunflower,63355238,2020-08-11T09:18:51.163,828896,1,63419789
github.com,sunflower,63979611,2020-09-20T13:44:06.787,11199298,1,63980359
github.com,sunflower,64143612,2020-09-30T18:23:03.847,10120717,1,64143907
github.com,sunflower,64488435,2020-10-22T18:29:11.290,11659881,1,64489022
github.com,sunflower,65236152,2020-12-10T14:09:36.917,9168846,1,
github.com,sunflower,66169546,2021-02-12T09:47:52.300,13882206,1,
github.com,sunflower,66381308,2021-02-26T06:50:37.587,15057647,1,66381991
github.com,sunflower,68124252,2021-06-25T01:05:12.527,828896,1,68137040
github.com,sunflower,68124606,2021-06-25T02:15:56.577,828896,1,68136975
github.com,sunflower,68175709,2021-06-29T09:07:58.050,828896,1,68175782
github.com,sunflower,72424644,2022-05-29T14:45:43.320,7084340,1,
github.com,sunflower,72470316,2022-06-02T03:24:59.390,5580366,1,72470735
github.com,sunflower,72581176,2022-06-11T01:49:26.227,19317266,1,72584765
github.com,sunflower,73048747,2022-07-20T09:03:26.590,8182504,1,73104752
github.com,sunflower,73194161,2022-08-01T13:07:34.187,1034229,1,
github.com,sunflower,74944028,2022-12-28T18:59:06.370,11110509,1,74966343
github.com,sunflower,75958426,2023-04-07T12:28:29.477,298288,1,
github.com,sunflower,77196774,2023-09-28T16:31:20.437,3262799,1,77197255
github.com,performance-samples,61508629,2020-04-29T18:05:13.713,1640919,1,
github.com,performance-samples,72415978,2022-05-28T13:12:31.123,15597975,1,
github.com,performance-samples,75385854,2023-02-08T12:33:50.880,1315447,1,
github.com,codelab-android-paging,77326720,2023-10-19T19:55:52.750,7741377,1,
github.com,connectivity-samples,58066725,2019-09-23T16:37:28.570,1382540,1,
github.com,connectivity-samples,58172577,2019-09-30T17:27:51.290,11440760,1,
github.com,connectivity-samples,58921188,2019-11-18T18:59:51.743,1802441,1,59271084
github.com,connectivity-samples,61101913,2020-04-08T13:31:11.327,13259255,1,61115939
github.com,connectivity-samples,63274440,2020-08-05T22:34:45.353,5102206,1,
github.com,connectivity-samples,64129151,2020-09-29T23:53:28.803,8786166,1,64142960
github.com,connectivity-samples,65924602,2021-01-27T17:50:07.897,7570616,1,
github.com,connectivity-samples,66949772,2021-04-05T07:47:43.143,1693203,1,67980117
github.com,connectivity-samples,67362603,2021-05-03T01:40:17.183,15744862,1,
github.com,connectivity-samples,67743919,2021-05-28T18:28:19.557,13682781,1,
github.com,connectivity-samples,71382014,2022-03-07T13:43:31.077,18038680,1,
github.com,connectivity-samples,71605765,2022-03-24T16:07:14.493,16484156,1,
github.com,connectivity-samples,72432667,2022-05-30T10:13:36.273,489902,1,
github.com,connectivity-samples,74038896,2022-10-12T08:40:26.900,19073973,1,
github.com,connectivity-samples,74811842,2022-12-15T12:52:26.460,5874844,1,
github.com,connectivity-samples,75834654,2023-03-24T14:05:49.297,14332583,1,
github.com,connectivity-samples,76570546,2023-06-28T06:22:43.070,6425584,1,
github.com,connectivity-samples,77410403,2023-11-02T14:24:42.050,22845123,1,77423516
github.com,tv-samples,58511339,2019-10-22T19:48:48.847,8172481,1,59570725
github.com,tv-samples,59131346,2019-12-02T00:44:14.793,704836,1,59514365
github.com,tv-samples,61612749,2020-05-05T12:06:07.130,1336154,1,
github.com,tv-samples,61823122,2020-05-15T15:41:26.223,7977463,1,61823876
github.com,tv-samples,65108340,2020-12-02T12:42:28.347,5102206,1,65214796
github.com,tv-samples,66040200,2021-02-04T06:10:02.457,4376839,1,
github.com,tv-samples,67688088,2021-05-25T12:37:41.073,7245259,1,
github.com,tv-samples,68085104,2021-06-22T14:09:12.533,15091663,1,
github.com,tv-samples,69508018,2021-10-09T15:13:36.867,4370279,1,
github.com,tv-samples,73238803,2022-08-04T15:48:53.567,1014873,1,
github.com,tv-samples,74700886,2022-12-06T10:25:59.917,20701244,1,
github.com,tv-samples,76842673,2023-08-05T16:56:48.437,19371763,1,76888586
github.com,security-samples,60470178,2020-02-29T22:27:28.147,1423773,1,
github.com,security-samples,64669669,2020-11-03T19:51:17.047,6474416,1,
github.com,uamp,58714000,2019-11-05T14:58:05.763,5842014,1,58850051
github.com,uamp,59356345,2019-12-16T12:07:33.960,5677024,1,64555546
github.com,uamp,62017037,2020-05-26T07:47:03.577,828896,1,62017799
github.com,uamp,62282686,2020-06-09T12:32:32.567,,1,62299067
github.com,uamp,62384216,2020-06-15T08:23:15.080,7377528,1,
github.com,uamp,62771616,2020-07-07T09:00:47.010,4004998,1,
github.com,uamp,63439865,2020-08-16T17:19:12.697,1135866,1,
github.com,uamp,65271511,2020-12-13T01:10:47.380,1904519,1,
github.com,uamp,65601704,2021-01-06T18:51:47.367,14954046,1,
github.com,uamp,72177114,2022-05-09T19:10:27.030,19079695,1,
github.com,uamp,72799888,2022-06-29T10:31:58.573,11041834,1,
github.com,uamp,73973953,2022-10-06T12:39:33.187,855846,1,73975160
github.com,uamp,74260250,2022-10-31T07:58:36.927,18286294,1,
github.com,uamp,76008772,2023-04-13T18:37:06.190,21636651,1,
github.com,uamp,76209223,2023-05-09T12:11:09.087,6429062,1,
github.com,car-samples,65666633,2021-01-11T12:11:07.760,14983031,1,
github.com,car-samples,70164411,2021-11-30T04:43:12.550,3992260,1,
github.com,car-samples,72967400,2022-07-13T13:45:27.047,13460098,1,72967796
github.com,car-samples,75940227,2023-04-05T13:45:12.963,4966265,1,
github.com,car-samples,76454276,2023-06-12T07:05:47.227,13370504,1,76459011
github.com,car-samples,77362607,2023-10-25T20:11:32.470,16009783,1,77362724
github.com,architecture-components-samples,58272958,2019-10-07T15:44:59.550,426180,1,
github.com,architecture-components-samples,58345696,2019-10-11T17:05:04.637,8422474,1,
github.com,architecture-components-samples,58486364,2019-10-21T12:30:32.957,9827935,1,58845665
github.com,architecture-components-samples,58686339,2019-11-04T02:01:34.130,4509490,1,
github.com,architecture-components-samples,58910350,2019-11-18T08:14:17.530,5155422,1,
github.com,architecture-components-samples,59045220,2019-11-26T06:48:39.457,12177165,1,
github.com,architecture-components-samples,59147208,2019-12-02T21:55:06.957,10723547,1,59162111
github.com,architecture-components-samples,59153473,2019-12-03T09:03:32.107,1277865,1,59171275
github.com,architecture-components-samples,59226439,2019-12-07T13:25:47.580,4227387,1,
github.com,architecture-components-samples,59251349,2019-12-09T14:52:09.327,2672052,1,
github.com,architecture-components-samples,59334217,2019-12-14T10:22:44.490,8302084,1,
github.com,architecture-components-samples,59357135,2019-12-16T12:58:43.177,5336930,1,59417109
github.com,architecture-components-samples,59572749,2020-01-03T03:14:18.713,1091302,1,65857593
github.com,architecture-components-samples,59901731,2020-01-24T18:15:41.457,11793333,1,61739499
github.com,architecture-components-samples,59965969,2020-01-29T11:21:40.417,12805559,1,59967538
github.com,architecture-components-samples,60056146,2020-02-04T11:13:28.397,4110900,1,
github.com,architecture-components-samples,60162510,2020-02-11T05:26:48.540,1540297,1,
github.com,architecture-components-samples,60302010,2020-02-19T13:57:24.450,4415642,1,
github.com,architecture-components-samples,60543816,2020-03-05T10:58:08.707,9826009,1,64293926
github.com,architecture-components-samples,60789230,2020-03-21T14:50:16.923,3610737,1,
github.com,architecture-components-samples,60988767,2020-04-02T09:51:35.803,10537612,1,
github.com,architecture-components-samples,61026075,2020-04-04T09:23:07.383,7859569,1,
github.com,architecture-components-samples,61052033,2020-04-06T02:15:19.047,828896,1,61056649
github.com,architecture-components-samples,61054235,2020-04-06T06:38:52.850,828896,1,61056782
github.com,architecture-components-samples,61113221,2020-04-09T02:55:51.340,828896,1,61156358
github.com,architecture-components-samples,61113458,2020-04-09T03:26:31.557,828896,1,61113565
github.com,architecture-components-samples,61182753,2020-04-13T06:45:38.213,828896,1,
github.com,architecture-components-samples,61213780,2020-04-14T17:34:42.800,13258682,1,
github.com,architecture-components-samples,61331753,2020-04-20T20:46:08.950,11313616,1,
github.com,architecture-components-samples,61386506,2020-04-23T11:47:37.287,9578385,1,61416144
github.com,architecture-components-samples,61433558,2020-04-25T22:42:41.700,9578385,1,61449895
github.com,architecture-components-samples,61463006,2020-04-27T15:57:19.510,4370279,1,
github.com,architecture-components-samples,61536655,2020-05-01T04:03:37.087,1273164,1,61536892
github.com,architecture-components-samples,61554371,2020-05-02T04:14:33.760,,1,
github.com,architecture-components-samples,61650988,2020-05-07T06:05:33.003,9625007,1,
github.com,architecture-components-samples,61827683,2020-05-15T20:18:02.437,2253682,1,
github.com,architecture-components-samples,61857053,2020-05-17T18:50:39.943,4954232,1,61891119
github.com,architecture-components-samples,62027494,2020-05-26T17:00:38.440,9132415,1,62054769
github.com,architecture-components-samples,62294855,2020-06-10T02:28:13.257,10005095,1,
github.com,architecture-components-samples,62337505,2020-06-12T04:27:12.373,72437,1,
github.com,architecture-components-samples,62480009,2020-06-19T23:47:57.607,7163062,1,
github.com,architecture-components-samples,62495762,2020-06-21T07:40:24.113,828896,1,62541184
github.com,architecture-components-samples,62670906,2020-07-01T06:29:06.520,6637374,1,
github.com,architecture-components-samples,62902597,2020-07-14T19:25:20.390,1236726,1,66200283
github.com,architecture-components-samples,63004311,2020-07-20T21:47:41.617,2897341,1,63065248
github.com,architecture-components-samples,63528445,2020-08-21T18:42:32.633,9963512,1,63601993
github.com,architecture-components-samples,63749184,2020-09-04T23:52:35.080,100747,1,63786194
github.com,architecture-components-samples,63869141,2020-09-13T09:24:26.757,4035036,1,63878281
github.com,architecture-components-samples,63911432,2020-09-16T00:16:03.803,1038424,1,
github.com,architecture-components-samples,63923148,2020-09-16T15:18:21.880,1265630,1,
github.com,architecture-components-samples,64215609,2020-10-05T20:16:26.863,11704180,1,
github.com,architecture-components-samples,64551692,2020-10-27T09:40:40.183,7217377,1,64678534
github.com,architecture-components-samples,64619043,2020-10-31T06:26:52.543,722683,1,
github.com,architecture-components-samples,64657820,2020-11-03T06:35:10.990,1188004,1,
github.com,architecture-components-samples,64751467,2020-11-09T12:13:47.067,9124515,1,
github.com,architecture-components-samples,64885182,2020-11-18T00:06:22.943,13380493,1,
github.com,architecture-components-samples,64919356,2020-11-19T20:19:28.987,4512868,1,64920348
github.com,architecture-components-samples,65151363,2020-12-04T22:03:51.307,955198,1,65151364
github.com,architecture-components-samples,65295104,2020-12-14T19:16:14.353,2253682,1,65295250
github.com,architecture-components-samples,65314218,2020-12-15T21:52:38.327,3943499,1,
github.com,architecture-components-samples,65539771,2021-01-02T13:46:58.987,10109704,1,65596421
github.com,architecture-components-samples,65876857,2021-01-24T22:50:58.520,8614637,1,65877294
github.com,architecture-components-samples,66159250,2021-02-11T17:00:54.953,1140237,1,
github.com,architecture-components-samples,66288852,2021-02-20T06:51:11.727,1865027,1,66289083
github.com,architecture-components-samples,66318217,2021-02-22T15:04:59.053,7130121,1,
github.com,architecture-components-samples,66412672,2021-02-28T18:43:44.540,2690527,1,
github.com,architecture-components-samples,66627912,2021-03-14T18:07:21.413,15394894,1,66713643
github.com,architecture-components-samples,67099096,2021-04-14T21:04:57.690,1690017,1,67099199
github.com,architecture-components-samples,67179023,2021-04-20T12:32:35.193,1898527,1,
github.com,architecture-components-samples,67250986,2021-04-25T07:49:21.937,13718008,1,
github.com,architecture-components-samples,67265247,2021-04-26T10:48:19.560,14576516,1,
github.com,architecture-components-samples,67293794,2021-04-28T04:29:57.517,379486,1,67843741
github.com,architecture-components-samples,67407198,2021-05-05T18:54:03.797,14576516,1,
github.com,architecture-components-samples,67442312,2021-05-07T22:23:11.850,1762587,1,
github.com,architecture-components-samples,67450032,2021-05-08T16:53:20.917,14576516,1,
github.com,architecture-components-samples,67479322,2021-05-11T01:05:52.027,3900456,1,
github.com,architecture-components-samples,67486673,2021-05-11T12:21:11.357,13541462,1,
github.com,architecture-components-samples,67793201,2021-06-01T17:08:52.440,3516279,1,
github.com,architecture-components-samples,67807614,2021-06-02T14:56:59.580,6176817,1,69609367
github.com,architecture-components-samples,67854525,2021-06-05T22:55:59.827,6938602,1,
github.com,architecture-components-samples,67957325,2021-06-13T10:42:58.690,2280316,1,
github.com,architecture-components-samples,67963455,2021-06-13T23:50:21.553,4095993,1,
github.com,architecture-components-samples,68149447,2021-06-27T08:46:34.397,8062903,1,
github.com,architecture-components-samples,68287403,2021-07-07T13:54:31.823,13083841,1,
github.com,architecture-components-samples,68443707,2021-07-19T16:08:44.353,10267337,1,
github.com,architecture-components-samples,68740401,2021-08-11T10:38:54.443,630623,1,
github.com,architecture-components-samples,68777836,2021-08-13T20:04:57.217,129486,1,68779398
github.com,architecture-components-samples,68874174,2021-08-21T15:02:10.333,990129,1,68945009
github.com,architecture-components-samples,68981501,2021-08-30T09:07:18.967,14155735,1,
github.com,architecture-components-samples,68986397,2021-08-30T15:12:55.560,5120131,1,69016822
github.com,architecture-components-samples,69956577,2021-11-13T17:20:16.410,11753191,1,69957381
github.com,architecture-components-samples,69980239,2021-11-15T20:07:53.110,11813571,1,69981111
github.com,architecture-components-samples,70202775,2021-12-02T16:04:17.110,17302576,1,70203227
github.com,architecture-components-samples,70756406,2022-01-18T13:31:42.067,14236181,1,
github.com,architecture-components-samples,70801968,2022-01-21T13:20:35.440,183575,1,70862583
github.com,architecture-components-samples,70858513,2022-01-26T03:56:30.870,17415483,1,
github.com,architecture-components-samples,71185033,2022-02-19T12:35:07.203,4512868,1,
github.com,architecture-components-samples,71674153,2022-03-30T08:44:48.940,7767664,1,71674538
github.com,architecture-components-samples,72734968,2022-06-23T18:27:35.677,19393618,1,
github.com,architecture-components-samples,72785452,2022-06-28T11:15:34.470,13531449,1,72787616
github.com,architecture-components-samples,72815050,2022-06-30T11:33:36.177,1368428,1,
github.com,architecture-components-samples,72881825,2022-07-06T10:21:54.707,8701126,1,
github.com,architecture-components-samples,75831449,2023-03-24T08:31:30.140,7500651,1,
github.com,architecture-components-samples,76186325,2023-05-05T22:51:01.263,9795906,1,
github.com,architecture-components-samples,76205159,2023-05-09T00:32:24.403,4744263,1,
github.com,architecture-components-samples,76326962,2023-05-24T19:50:35.073,7406511,1,
github.com,architecture-components-samples,76921943,2023-08-17T13:21:36.067,20279785,1,
github.com,media-samples,60822681,2020-03-23T22:55:26.287,25891,1,60832298
github.com,media-samples,61149774,2020-04-10T22:48:25.487,1914781,1,61150258
github.com,media-samples,67018039,2021-04-09T08:54:51.547,423199,1,
github.com,media-samples,73680519,2022-09-11T15:32:53.360,2711864,1,
github.com,media-samples,75412241,2023-02-10T14:06:47.667,4964009,1,
github.com,media-samples,75768757,2023-03-17T14:24:59.000,12379488,1,
github.com,app-bundle-samples,60205208,2020-02-13T10:06:50.430,6911538,1,
github.com,app-bundle-samples,63343667,2020-08-10T15:57:01.793,5183341,1,63353127
github.com,app-bundle-samples,65918686,2021-01-27T11:57:13.223,1308990,1,66888275
github.com,app-bundle-samples,74654151,2022-12-02T10:19:34.037,2117459,1,
github.com,storage-samples,58283850,2019-10-08T09:41:50.467,8691695,1,58331748
github.com,storage-samples,61114580,2020-04-09T05:34:46.657,4395246,1,
github.com,storage-samples,65266188,2020-12-12T14:42:42.093,1199943,1,
github.com,storage-samples,65312633,2020-12-15T19:43:03.777,3740885,1,65337451
github.com,storage-samples,67325023,2021-04-29T21:03:14.177,1742406,1,
github.com,storage-samples,70304037,2021-12-10T11:46:26.947,2670830,1,
github.com,storage-samples,70930849,2022-01-31T18:14:00.540,8661680,1,71380558
github.com,storage-samples,75517788,2023-02-21T08:12:48.223,11793117,1,75523696
github.com,views-widgets-samples,60130178,2020-02-08T19:01:25.553,7233067,1,66932869
github.com,views-widgets-samples,60242215,2020-02-15T19:10:33.530,7972699,1,
github.com,views-widgets-samples,61014379,2020-04-03T14:42:23.623,951745,1,
github.com,views-widgets-samples,61585288,2020-05-04T04:40:13.267,13464464,1,
github.com,views-widgets-samples,63906382,2020-09-15T16:44:39.307,4850553,1,
github.com,views-widgets-samples,64947762,2020-11-21T20:29:40.053,8412192,1,64992842
github.com,views-widgets-samples,66448704,2021-03-02T23:42:17.207,10804423,1,66448739
github.com,views-widgets-samples,67778630,2021-05-31T18:20:34.977,6494628,1,67880107
github.com,views-widgets-samples,69733027,2021-10-27T05:06:12.153,1853912,1,
github.com,views-widgets-samples,70660766,2022-01-11T01:46:36.037,11943929,1,70736083
github.com,views-widgets-samples,70846435,2022-01-25T09:44:18.740,6060723,1,
github.com,views-widgets-samples,71073302,2022-02-10T22:59:35.027,499125,1,71073407
github.com,views-widgets-samples,71445630,2022-03-11T23:19:55.910,1866373,1,
github.com,views-widgets-samples,73304591,2022-08-10T10:24:01.240,9116813,1,
github.com,views-widgets-samples,73571979,2022-09-01T15:29:58.637,14305770,1,73969829
github.com,views-widgets-samples,75212685,2023-01-23T16:58:30.497,3459089,1,
github.com,graphics-samples,53922595,2018-12-25T12:58:01.687,7557205,1,
github.com,input-samples,63076140,2020-07-24T14:54:40.827,556090,1,69439724
github.com,input-samples,70470990,2021-12-24T08:34:50.517,2087344,1,
github.com,renderscript-intrinsics-replacement-toolkit,73554630,2022-08-31T10:37:19.193,9344945,1,73567018
github.com,renderscript-intrinsics-replacement-toolkit,77482495,2023-11-14T17:01:06.973,6736299,1,
github.com,renderscript-samples,77587694,2023-12-01T19:39:20.360,7335974,1,
github.com,location-samples,58497206,2019-10-22T04:45:14.430,11671746,1,
github.com,location-samples,58545128,2019-10-24T16:02:11.013,4721538,1,
github.com,location-samples,58654326,2019-11-01T05:03:09.640,6182318,1,58656441
github.com,location-samples,58718017,2019-11-05T19:15:42.370,3055591,1,
github.com,location-samples,59523469,2019-12-29T21:29:48.577,1039477,1,59523641
github.com,location-samples,60011186,2020-01-31T21:03:21.127,12821545,1,
github.com,location-samples,60095803,2020-02-06T13:12:02.123,12852301,1,
github.com,location-samples,60843504,2020-03-25T05:39:35.133,301584,1,
github.com,location-samples,60905262,2020-03-28T18:36:55.307,13142952,1,
github.com,location-samples,64219756,2020-10-06T05:15:38.550,4884605,1,
github.com,location-samples,64275072,2020-10-09T06:38:47.130,5257901,1,64613418
github.com,location-samples,64459556,2020-10-21T08:22:55.817,11015769,1,64464090
github.com,location-samples,64922602,2020-11-20T01:49:31.283,2184214,1,
github.com,location-samples,65190431,2020-12-07T22:32:27.317,14783062,1,
github.com,location-samples,67519074,2021-05-13T12:15:29.527,10570363,1,
github.com,location-samples,70100956,2021-11-24T18:04:18.350,12791617,1,
github.com,location-samples,70554165,2022-01-02T07:01:44.467,1175051,1,
github.com,location-samples,71415815,2022-03-09T20:48:27.010,18422857,1,71415888
github.com,location-samples,73207394,2022-08-02T12:16:33.250,19674272,1,
github.com,location-samples,75831118,2023-03-24T07:51:02.670,21479456,1,
github.com,location-samples,76859666,2023-08-08T12:39:37.863,10629280,1,
github.com,enterprise-samples,59088875,2019-11-28T12:25:24.880,8196427,1,
github.com,enterprise-samples,60523209,2020-03-04T09:50:04.897,2559493,1,
github.com,enterprise-samples,66351550,2021-02-24T13:06:44.660,8814755,1,
github.com,rr,30334319,2015-05-19T19:17:52.993,1100525,1,
github.com,rr,53922595,2018-12-25T12:58:01.687,7557205,1,
github.com,rr,57306379,2019-08-01T09:54:11.317,2810515,1,
github.com,rr,58066725,2019-09-23T16:37:28.570,1382540,1,
github.com,rr,58159891,2019-09-29T23:05:38.897,6939854,1,60095886
github.com,rr,58172577,2019-09-30T17:27:51.290,11440760,1,
github.com,rr,58193856,2019-10-02T00:35:35.237,828896,1,58212917
github.com,rr,58256227,2019-10-06T10:08:42.697,7947113,1,
github.com,rr,58272958,2019-10-07T15:44:59.550,426180,1,
github.com,rr,58283850,2019-10-08T09:41:50.467,8691695,1,58331748
github.com,rr,58329638,2019-10-10T19:09:48.697,8392648,1,
github.com,rr,58333195,2019-10-11T01:47:20.113,828896,1,58333276
github.com,rr,58345696,2019-10-11T17:05:04.637,8422474,1,
github.com,rr,58359836,2019-10-13T01:12:33.947,828896,1,
github.com,rr,58398181,2019-10-15T15:31:27.707,898307,1,
github.com,rr,58429712,2019-10-17T09:49:51.277,1079483,1,
github.com,rr,58472629,2019-10-20T11:39:11.660,1079483,1,58472721
github.com,rr,58486364,2019-10-21T12:30:32.957,9827935,1,58845665
github.com,rr,58492683,2019-10-21T19:05:12.017,2715384,1,
github.com,rr,58497206,2019-10-22T04:45:14.430,11671746,1,
github.com,rr,58511339,2019-10-22T19:48:48.847,8172481,1,59570725
github.com,rr,58534129,2019-10-24T04:25:24.007,5938872,1,58536529
github.com,rr,58545128,2019-10-24T16:02:11.013,4721538,1,
github.com,rr,58548104,2019-10-24T19:37:31.907,5741378,1,58549770
github.com,rr,58555058,2019-10-25T08:41:02.123,2762990,1,59875136
github.com,rr,58567716,2019-10-26T03:02:20.090,828896,1,
github.com,rr,58577838,2019-10-27T08:50:11.097,11313307,1,
github.com,rr,58654326,2019-11-01T05:03:09.640,6182318,1,58656441
github.com,rr,58686339,2019-11-04T02:01:34.130,4509490,1,
github.com,rr,58690514,2019-11-04T09:32:12.063,5097539,1,
github.com,rr,58714000,2019-11-05T14:58:05.763,5842014,1,58850051
github.com,rr,58714389,2019-11-05T15:19:00.760,7114714,1,
github.com,rr,58718017,2019-11-05T19:15:42.370,3055591,1,
github.com,rr,58722711,2019-11-06T03:34:30.640,828896,1,58723780
github.com,rr,58740947,2019-11-07T02:03:48.997,828896,1,
github.com,rr,58749018,2019-11-07T12:42:30.747,3871859,1,
github.com,rr,58785384,2019-11-10T02:59:58.300,828896,1,58785606
github.com,rr,58791728,2019-11-10T18:31:40.950,11313307,1,
github.com,rr,58798419,2019-11-11T09:11:47.967,828896,1,
github.com,rr,58817055,2019-11-12T10:47:11.523,3952802,1,58817572
github.com,rr,58825452,2019-11-12T19:30:21.923,10192418,1,
github.com,rr,58872770,2019-11-15T08:10:08.843,828896,1,59516998
github.com,rr,58890105,2019-11-16T11:14:03.947,7775572,1,59247475
github.com,rr,58910350,2019-11-18T08:14:17.530,5155422,1,
github.com,rr,58914464,2019-11-18T12:21:18.047,2739849,1,58917083
github.com,rr,58921188,2019-11-18T18:59:51.743,1802441,1,59271084
github.com,rr,58949348,2019-11-20T08:00:31.740,5652438,1,58966850
github.com,rr,58976619,2019-11-21T13:54:54.783,818455,1,
github.com,rr,58980171,2019-11-21T17:05:55.787,12411600,1,58996583
github.com,rr,59002902,2019-11-22T23:04:23.443,3248451,1,
github.com,rr,59007364,2019-11-23T11:59:10.983,828896,1,59045412
github.com,rr,59023755,2019-11-25T00:23:21.007,828896,1,59165764
github.com,rr,59045220,2019-11-26T06:48:39.457,12177165,1,
github.com,rr,59063606,2019-11-27T05:31:01.807,828896,1,59217104
github.com,rr,59088045,2019-11-28T11:39:43.787,12451452,1,
github.com,rr,59088875,2019-11-28T12:25:24.880,8196427,1,
github.com,rr,59091161,2019-11-28T14:33:04.980,5993479,1,
github.com,rr,59131346,2019-12-02T00:44:14.793,704836,1,59514365
github.com,rr,59147208,2019-12-02T21:55:06.957,10723547,1,59162111
github.com,rr,59153473,2019-12-03T09:03:32.107,1277865,1,59171275
github.com,rr,59216701,2019-12-06T16:15:58.630,4125383,1,
github.com,rr,59226439,2019-12-07T13:25:47.580,4227387,1,
github.com,rr,59251349,2019-12-09T14:52:09.327,2672052,1,
github.com,rr,59260159,2019-12-10T04:18:23.767,5745925,1,
github.com,rr,59320798,2019-12-13T10:38:07.527,1318946,1,
github.com,rr,59334217,2019-12-14T10:22:44.490,8302084,1,
github.com,rr,59356345,2019-12-16T12:07:33.960,5677024,1,64555546
github.com,rr,59357135,2019-12-16T12:58:43.177,5336930,1,59417109
github.com,rr,59370001,2019-12-17T08:12:32.283,3892248,1,
github.com,rr,59432672,2019-12-21T00:32:12.600,1213617,1,
github.com,rr,59465963,2019-12-24T08:29:06.203,8680581,1,59497487
github.com,rr,59523469,2019-12-29T21:29:48.577,1039477,1,59523641
github.com,rr,59528413,2019-12-30T09:24:56.270,277267,1,
github.com,rr,59534731,2019-12-30T17:37:18.310,4206520,1,
github.com,rr,59553100,2020-01-01T13:52:25.617,2468360,1,59553124
github.com,rr,59572749,2020-01-03T03:14:18.713,1091302,1,65857593
github.com,rr,59586207,2020-01-03T22:40:37.830,11736794,1,60020850
github.com,rr,59613877,2020-01-06T14:32:03.933,3505534,1,
github.com,rr,59621149,2020-01-07T01:40:36.687,828896,1,59668437
github.com,rr,59697290,2020-01-11T18:16:50.340,1324802,1,61106013
github.com,rr,59710644,2020-01-13T04:30:30.780,5993479,1,59716234
github.com,rr,59723981,2020-01-13T20:52:10.913,1386556,1,
github.com,rr,59735936,2020-01-14T14:37:36.493,2206688,1,61137827
github.com,rr,59836385,2020-01-21T07:50:37.020,11884175,1,
github.com,rr,59901731,2020-01-24T18:15:41.457,11793333,1,61739499
github.com,rr,59965969,2020-01-29T11:21:40.417,12805559,1,59967538
github.com,rr,59991021,2020-01-30T17:05:07.353,5815054,1,
github.com,rr,60011186,2020-01-31T21:03:21.127,12821545,1,
github.com,rr,60056146,2020-02-04T11:13:28.397,4110900,1,
github.com,rr,60072280,2020-02-05T09:03:54.943,828896,1,
github.com,rr,60095803,2020-02-06T13:12:02.123,12852301,1,
github.com,rr,60130178,2020-02-08T19:01:25.553,7233067,1,66932869
github.com,rr,60149613,2020-02-10T11:38:27.253,2440158,1,
github.com,rr,60162510,2020-02-11T05:26:48.540,1540297,1,
github.com,rr,60205208,2020-02-13T10:06:50.430,6911538,1,
github.com,rr,60238020,2020-02-15T10:51:26.480,7947113,1,60238167
github.com,rr,60239426,2020-02-15T13:56:22.850,4744188,1,
github.com,rr,60242215,2020-02-15T19:10:33.530,7972699,1,
github.com,rr,60272720,2020-02-18T02:00:10.637,12568657,1,60273002
github.com,rr,60302010,2020-02-19T13:57:24.450,4415642,1,
github.com,rr,60334637,2020-02-21T08:20:47.863,1693203,1,
github.com,rr,60363722,2020-02-23T15:23:26.420,9150068,1,
github.com,rr,60461466,2020-02-29T02:28:28.417,828896,1,
github.com,rr,60470178,2020-02-29T22:27:28.147,1423773,1,
github.com,rr,60484372,2020-03-02T07:37:23.417,828896,1,60523521
github.com,rr,60523209,2020-03-04T09:50:04.897,2559493,1,
github.com,rr,60543816,2020-03-05T10:58:08.707,9826009,1,64293926
github.com,rr,60545408,2020-03-05T12:26:42.037,4386668,1,
github.com,rr,60612026,2020-03-10T05:32:24.097,10124152,1,60620487
github.com,rr,60734157,2020-03-18T05:52:39.147,8629522,1,
github.com,rr,60789230,2020-03-21T14:50:16.923,3610737,1,
github.com,rr,60822681,2020-03-23T22:55:26.287,25891,1,60832298
github.com,rr,60824076,2020-03-24T02:15:10.213,9883858,1,61073832
github.com,rr,60843504,2020-03-25T05:39:35.133,301584,1,
github.com,rr,60905262,2020-03-28T18:36:55.307,13142952,1,
github.com,rr,60925493,2020-03-30T06:59:37.037,8176989,1,
github.com,rr,60957921,2020-03-31T18:56:26.907,13173771,1,
github.com,rr,60988767,2020-04-02T09:51:35.803,10537612,1,
github.com,rr,61014379,2020-04-03T14:42:23.623,951745,1,
github.com,rr,61017986,2020-04-03T18:12:11.547,10753343,1,61018086
github.com,rr,61026075,2020-04-04T09:23:07.383,7859569,1,
github.com,rr,61052033,2020-04-06T02:15:19.047,828896,1,61056649
github.com,rr,61054235,2020-04-06T06:38:52.850,828896,1,61056782
github.com,rr,61101913,2020-04-08T13:31:11.327,13259255,1,61115939
github.com,rr,61113221,2020-04-09T02:55:51.340,828896,1,61156358
github.com,rr,61113458,2020-04-09T03:26:31.557,828896,1,61113565
github.com,rr,61114580,2020-04-09T05:34:46.657,4395246,1,
github.com,rr,61149774,2020-04-10T22:48:25.487,1914781,1,61150258
github.com,rr,61151258,2020-04-11T02:10:05.673,3598052,1,
github.com,rr,61169428,2020-04-12T09:38:13.863,6802159,1,
github.com,rr,61179284,2020-04-12T22:57:26.057,,1,61180159
github.com,rr,61182753,2020-04-13T06:45:38.213,828896,1,
github.com,rr,61213780,2020-04-14T17:34:42.800,13258682,1,
github.com,rr,61227001,2020-04-15T10:55:32.607,10159898,1,
github.com,rr,61238789,2020-04-15T21:19:18.333,1771187,1,61238901
github.com,rr,61262847,2020-04-17T01:47:22.577,828896,1,61355906
github.com,rr,61284245,2020-04-18T04:31:30.690,1568355,1,61284908
github.com,rr,61300595,2020-04-19T06:49:26.273,828896,1,61301037
github.com,rr,61314478,2020-04-20T02:59:51.530,828896,1,61314804
github.com,rr,61316301,2020-04-20T06:27:00.137,828896,1,61316421
github.com,rr,61331753,2020-04-20T20:46:08.950,11313616,1,
github.com,rr,61355592,2020-04-22T00:55:30.460,828896,1,61470650
github.com,rr,61362916,2020-04-22T10:31:06.710,1083957,1,
github.com,rr,61386506,2020-04-23T11:47:37.287,9578385,1,61416144
github.com,rr,61410832,2020-04-24T14:34:08.340,10159898,1,
github.com,rr,61422796,2020-04-25T08:15:48.573,828896,1,
github.com,rr,61433558,2020-04-25T22:42:41.700,9578385,1,61449895
github.com,rr,61444546,2020-04-26T16:51:28.820,13311964,1,61445066
github.com,rr,61463006,2020-04-27T15:57:19.510,4370279,1,
github.com,rr,61493514,2020-04-29T03:03:04.337,828896,1,
github.com,rr,61497135,2020-04-29T08:14:49.987,828896,1,61572572
github.com,rr,61508629,2020-04-29T18:05:13.713,1640919,1,
github.com,rr,61514008,2020-04-30T00:37:53.157,828896,1,
github.com,rr,61514570,2020-04-30T01:44:05.217,828896,1,61706616
github.com,rr,61535060,2020-05-01T00:29:52.233,3268303,1,61575233
github.com,rr,61536655,2020-05-01T04:03:37.087,1273164,1,61536892
github.com,rr,61554371,2020-05-02T04:14:33.760,,1,
github.com,rr,61566153,2020-05-02T20:52:40.180,4746977,1,
github.com,rr,61585288,2020-05-04T04:40:13.267,13464464,1,
github.com,rr,61586416,2020-05-04T06:33:50.517,828896,1,61587844
github.com,rr,61604807,2020-05-05T02:38:02.427,828896,1,61605621
github.com,rr,61608101,2020-05-05T07:41:10.890,1568355,1,
github.com,rr,61612749,2020-05-05T12:06:07.130,1336154,1,
github.com,rr,61626653,2020-05-06T03:04:42.153,951745,1,61667611
github.com,rr,61650988,2020-05-07T06:05:33.003,9625007,1,
github.com,rr,61748470,2020-05-12T09:40:12.937,13524488,1,61764557
github.com,rr,61810531,2020-05-15T02:06:45.773,828896,1,61810730
github.com,rr,61823122,2020-05-15T15:41:26.223,7977463,1,61823876
github.com,rr,61827683,2020-05-15T20:18:02.437,2253682,1,
github.com,rr,61830836,2020-05-16T01:39:13.120,828896,1,61907682
github.com,rr,61857053,2020-05-17T18:50:39.943,4954232,1,61891119
github.com,rr,61865447,2020-05-18T08:27:31.640,828896,1,62001344
github.com,rr,61907342,2020-05-20T07:24:46.200,828896,1,62218448
github.com,rr,61926353,2020-05-21T02:49:59.520,828896,1,62188219
github.com,rr,62017037,2020-05-26T07:47:03.577,828896,1,62017799
github.com,rr,62027494,2020-05-26T17:00:38.440,9132415,1,62054769
github.com,rr,62045878,2020-05-27T14:42:54.837,1336989,1,62046426
github.com,rr,62175986,2020-06-03T14:57:02.830,1693203,1,62191199
github.com,rr,62204461,2020-06-04T21:30:19.123,12557215,1,62221552
github.com,rr,62231832,2020-06-06T12:37:51.223,7947113,1,
github.com,rr,62241686,2020-06-07T06:28:08.403,2523410,1,
github.com,rr,62259665,2020-06-08T10:07:45.613,7429499,1,62264049
github.com,rr,62273082,2020-06-09T00:16:27.277,12234425,1,
github.com,rr,62282686,2020-06-09T12:32:32.567,,1,62299067
github.com,rr,62294855,2020-06-10T02:28:13.257,10005095,1,
github.com,rr,62337505,2020-06-12T04:27:12.373,72437,1,
github.com,rr,62384216,2020-06-15T08:23:15.080,7377528,1,
github.com,rr,62471842,2020-06-19T13:55:19.023,9163128,1,
github.com,rr,62480009,2020-06-19T23:47:57.607,7163062,1,
github.com,rr,62495762,2020-06-21T07:40:24.113,828896,1,62541184
github.com,rr,62548454,2020-06-24T05:44:26.230,828896,1,62554151
github.com,rr,62554760,2020-06-24T12:12:45.410,828896,1,62723744
github.com,rr,62566943,2020-06-25T02:27:58.750,828896,1,62567181
github.com,rr,62649477,2020-06-30T02:40:13.937,5890321,1,
github.com,rr,62670906,2020-07-01T06:29:06.520,6637374,1,
github.com,rr,62735895,2020-07-05T01:07:58.173,828896,1,62737182
github.com,rr,62747955,2020-07-06T01:16:21.560,828896,1,62788019
github.com,rr,62771616,2020-07-07T09:00:47.010,4004998,1,
github.com,rr,62771852,2020-07-07T09:13:14.227,828896,1,62910981
github.com,rr,62789101,2020-07-08T06:52:40.787,13292882,1,
github.com,rr,62806833,2020-07-09T03:17:02.730,828896,1,
github.com,rr,62808641,2020-07-09T06:20:28.507,828896,1,63112379
github.com,rr,62823817,2020-07-09T21:14:52.530,13901703,1,63384418
github.com,rr,62870040,2020-07-13T06:02:09.940,828896,1,62870095
github.com,rr,62886691,2020-07-14T01:24:37.420,828896,1,
github.com,rr,62902597,2020-07-14T19:25:20.390,1236726,1,66200283
github.com,rr,62912888,2020-07-15T10:30:45.853,395869,1,
github.com,rr,62935566,2020-07-16T13:13:19.120,395869,1,
github.com,rr,62939440,2020-07-16T16:40:02.310,11846575,1,
github.com,rr,63004311,2020-07-20T21:47:41.617,2897341,1,63065248
github.com,rr,63059986,2020-07-23T17:34:19.497,3535408,1,
github.com,rr,63072388,2020-07-24T11:11:01.797,4858690,1,
github.com,rr,63076140,2020-07-24T14:54:40.827,556090,1,69439724
github.com,rr,63174125,2020-07-30T13:20:37.713,7767664,1,63187231
github.com,rr,63227159,2020-08-03T09:47:44.553,2256937,1,
github.com,rr,63230196,2020-08-03T13:17:56.263,14042033,1,
github.com,rr,63239193,2020-08-04T01:57:28.610,828896,1,63419193
github.com,rr,63239789,2020-08-04T03:24:29.047,828896,1,
github.com,rr,63274440,2020-08-05T22:34:45.353,5102206,1,
github.com,rr,63343667,2020-08-10T15:57:01.793,5183341,1,63353127
github.com,rr,63355238,2020-08-11T09:18:51.163,828896,1,63419789
github.com,rr,63439865,2020-08-16T17:19:12.697,1135866,1,
github.com,rr,63528445,2020-08-21T18:42:32.633,9963512,1,63601993
github.com,rr,63571200,2020-08-25T02:25:50.000,828896,1,63574068
github.com,rr,63682571,2020-09-01T06:37:08.977,12991842,1,
github.com,rr,63685959,2020-09-01T10:32:22.400,12578380,1,63686058
github.com,rr,63739383,2020-09-04T10:28:57.440,8626656,1,
github.com,rr,63749184,2020-09-04T23:52:35.080,100747,1,63786194
github.com,rr,63754503,2020-09-05T13:36:51.337,9195060,1,
github.com,rr,63786499,2020-09-08T02:53:04.180,828896,1,63840207
github.com,rr,63788508,2020-09-08T06:50:13.627,7391720,1,63788708
github.com,rr,63788552,2020-09-08T06:52:40.533,828896,1,64164520
github.com,rr,63869141,2020-09-13T09:24:26.757,4035036,1,63878281
github.com,rr,63906382,2020-09-15T16:44:39.307,4850553,1,
github.com,rr,63911432,2020-09-16T00:16:03.803,1038424,1,
github.com,rr,63923148,2020-09-16T15:18:21.880,1265630,1,
github.com,rr,63938168,2020-09-17T12:36:28.000,384238,1,
github.com,rr,63979611,2020-09-20T13:44:06.787,11199298,1,63980359
github.com,rr,64046261,2020-09-24T12:16:41.377,6276596,1,
github.com,rr,64057480,2020-09-25T03:43:43.850,2638048,1,
github.com,rr,64102470,2020-09-28T12:46:04.083,1091302,1,
github.com,rr,64118313,2020-09-29T11:05:06.823,1935655,1,
github.com,rr,64129151,2020-09-29T23:53:28.803,8786166,1,64142960
github.com,rr,64143612,2020-09-30T18:23:03.847,10120717,1,64143907
github.com,rr,64144472,2020-09-30T19:27:18.717,6406201,1,
github.com,rr,64191484,2020-10-04T05:32:05.887,8110010,1,
github.com,rr,64215609,2020-10-05T20:16:26.863,11704180,1,
github.com,rr,64219756,2020-10-06T05:15:38.550,4884605,1,
github.com,rr,64275072,2020-10-09T06:38:47.130,5257901,1,64613418
github.com,rr,64364162,2020-10-15T02:53:18.207,9861403,1,
github.com,rr,64452625,2020-10-20T20:08:15.620,10716726,1,
github.com,rr,64459556,2020-10-21T08:22:55.817,11015769,1,64464090
github.com,rr,64488435,2020-10-22T18:29:11.290,11659881,1,64489022
github.com,rr,64494220,2020-10-23T05:13:15.567,5332358,1,64546316
github.com,rr,64546105,2020-10-26T22:57:44.063,5130269,1,64605168
github.com,rr,64551692,2020-10-27T09:40:40.183,7217377,1,64678534
github.com,rr,64619043,2020-10-31T06:26:52.543,722683,1,
github.com,rr,64657820,2020-11-03T06:35:10.990,1188004,1,
github.com,rr,64669669,2020-11-03T19:51:17.047,6474416,1,
github.com,rr,64690821,2020-11-05T03:30:46.363,1498586,1,
github.com,rr,64751467,2020-11-09T12:13:47.067,9124515,1,
github.com,rr,64865060,2020-11-16T20:13:05.887,2255569,1,
github.com,rr,64885182,2020-11-18T00:06:22.943,13380493,1,
github.com,rr,64886057,2020-11-18T02:17:59.167,7877391,1,
github.com,rr,64919356,2020-11-19T20:19:28.987,4512868,1,64920348
github.com,rr,64922602,2020-11-20T01:49:31.283,2184214,1,
github.com,rr,64938421,2020-11-20T23:54:36.360,1129332,1,64971513
github.com,rr,64947762,2020-11-21T20:29:40.053,8412192,1,64992842
github.com,rr,65108340,2020-12-02T12:42:28.347,5102206,1,65214796
github.com,rr,65151363,2020-12-04T22:03:51.307,955198,1,65151364
github.com,rr,65190431,2020-12-07T22:32:27.317,14783062,1,
github.com,rr,65218788,2020-12-09T14:30:44.950,10159898,1,
github.com,rr,65236152,2020-12-10T14:09:36.917,9168846,1,
github.com,rr,65266188,2020-12-12T14:42:42.093,1199943,1,
github.com,rr,65271511,2020-12-13T01:10:47.380,1904519,1,
github.com,rr,65295104,2020-12-14T19:16:14.353,2253682,1,65295250
github.com,rr,65312633,2020-12-15T19:43:03.777,3740885,1,65337451
github.com,rr,65314218,2020-12-15T21:52:38.327,3943499,1,
github.com,rr,65379854,2020-12-20T12:28:21.720,1851366,1,65381251
github.com,rr,65517701,2020-12-31T07:04:30.557,737172,1,
github.com,rr,65539771,2021-01-02T13:46:58.987,10109704,1,65596421
github.com,rr,65554375,2021-01-03T20:03:12.063,11209037,1,65554537
github.com,rr,65577507,2021-01-05T10:55:23.220,9212745,1,65583947
github.com,rr,65601704,2021-01-06T18:51:47.367,14954046,1,
github.com,rr,65666633,2021-01-11T12:11:07.760,14983031,1,
github.com,rr,65682233,2021-01-12T10:36:45.367,5281431,1,
github.com,rr,65735897,2021-01-15T12:12:24.593,13155510,1,65840884
github.com,rr,65800879,2021-01-19T23:09:41.280,8876227,1,66247866
github.com,rr,65833446,2021-01-21T18:17:01.217,15046746,1,
github.com,rr,65876857,2021-01-24T22:50:58.520,8614637,1,65877294
github.com,rr,65918686,2021-01-27T11:57:13.223,1308990,1,66888275
github.com,rr,65924602,2021-01-27T17:50:07.897,7570616,1,
github.com,rr,65988474,2021-02-01T07:09:48.607,299711,1,
github.com,rr,65994345,2021-02-01T14:20:17.710,14062940,1,
github.com,rr,66040200,2021-02-04T06:10:02.457,4376839,1,
github.com,rr,66102189,2021-02-08T13:02:06.093,15153509,1,
github.com,rr,66159250,2021-02-11T17:00:54.953,1140237,1,
github.com,rr,66169546,2021-02-12T09:47:52.300,13882206,1,
github.com,rr,66252392,2021-02-18T01:39:13.547,4171350,1,
github.com,rr,66288852,2021-02-20T06:51:11.727,1865027,1,66289083
github.com,rr,66318217,2021-02-22T15:04:59.053,7130121,1,
github.com,rr,66318595,2021-02-22T15:28:38.230,8980240,1,66325671
github.com,rr,66330616,2021-02-23T09:41:03.043,15265676,1,
github.com,rr,66342852,2021-02-24T00:10:55.287,2016805,1,
github.com,rr,66351550,2021-02-24T13:06:44.660,8814755,1,
github.com,rr,66352250,2021-02-24T13:50:38.030,14191227,1,
github.com,rr,66381308,2021-02-26T06:50:37.587,15057647,1,66381991
github.com,rr,66385632,2021-02-26T12:12:19.050,1615070,1,66385660
github.com,rr,66412672,2021-02-28T18:43:44.540,2690527,1,
github.com,rr,66448704,2021-03-02T23:42:17.207,10804423,1,66448739
github.com,rr,66449161,2021-03-03T00:45:50.983,15318563,1,
github.com,rr,66508641,2021-03-06T17:31:51.030,14191227,1,
github.com,rr,66526296,2021-03-08T08:14:09.267,828896,1,66526466
github.com,rr,66551858,2021-03-09T17:27:08.320,1228221,1,66638586
github.com,rr,66627912,2021-03-14T18:07:21.413,15394894,1,66713643
github.com,rr,66678667,2021-03-17T17:56:03.757,7386018,1,66679028
github.com,rr,66742197,2021-03-22T08:01:32.587,10776107,1,69251907
github.com,rr,66764260,2021-03-23T13:34:47.000,13440079,1,66776988
github.com,rr,66862664,2021-03-29T22:54:33.517,12560952,1,
github.com,rr,66949772,2021-04-05T07:47:43.143,1693203,1,67980117
github.com,rr,67018039,2021-04-09T08:54:51.547,423199,1,
github.com,rr,67020602,2021-04-09T11:51:11.147,7745011,1,67021393
github.com,rr,67031021,2021-04-10T05:09:30.713,15527965,1,67031637
github.com,rr,67099096,2021-04-14T21:04:57.690,1690017,1,67099199
github.com,rr,67179023,2021-04-20T12:32:35.193,1898527,1,
github.com,rr,67250986,2021-04-25T07:49:21.937,13718008,1,
github.com,rr,67265247,2021-04-26T10:48:19.560,14576516,1,
github.com,rr,67285764,2021-04-27T15:09:55.543,15777039,1,
github.com,rr,67293794,2021-04-28T04:29:57.517,379486,1,67843741
github.com,rr,67325023,2021-04-29T21:03:14.177,1742406,1,
github.com,rr,67362603,2021-05-03T01:40:17.183,15744862,1,
github.com,rr,67378308,2021-05-04T03:11:16.887,9636037,1,67381541
github.com,rr,67407198,2021-05-05T18:54:03.797,14576516,1,
github.com,rr,67442312,2021-05-07T22:23:11.850,1762587,1,
github.com,rr,67447249,2021-05-08T11:54:01.797,8712876,1,67458573
github.com,rr,67450032,2021-05-08T16:53:20.917,14576516,1,
github.com,rr,67477625,2021-05-10T20:59:25.697,15817630,1,
github.com,rr,67479322,2021-05-11T01:05:52.027,3900456,1,
github.com,rr,67486673,2021-05-11T12:21:11.357,13541462,1,
github.com,rr,67504879,2021-05-12T13:42:34.417,737172,1,67508315
github.com,rr,67519074,2021-05-13T12:15:29.527,10570363,1,
github.com,rr,67582671,2021-05-18T08:34:36.347,5896977,1,
github.com,rr,67650892,2021-05-22T14:53:38.657,8835675,1,
github.com,rr,67688088,2021-05-25T12:37:41.073,7245259,1,
github.com,rr,67743919,2021-05-28T18:28:19.557,13682781,1,
github.com,rr,67778630,2021-05-31T18:20:34.977,6494628,1,67880107
github.com,rr,67793201,2021-06-01T17:08:52.440,3516279,1,
github.com,rr,67807614,2021-06-02T14:56:59.580,6176817,1,69609367
github.com,rr,67818644,2021-06-03T09:12:28.137,3648780,1,67876107
github.com,rr,67854525,2021-06-05T22:55:59.827,6938602,1,
github.com,rr,67900108,2021-06-09T08:11:04.300,13621090,1,
github.com,rr,67920468,2021-06-10T11:43:24.380,16186283,1,
github.com,rr,67957325,2021-06-13T10:42:58.690,2280316,1,
github.com,rr,67963455,2021-06-13T23:50:21.553,4095993,1,
github.com,rr,67966453,2021-06-14T07:39:46.670,1644053,1,
github.com,rr,68071724,2021-06-21T16:42:23.137,3721276,1,
github.com,rr,68085104,2021-06-22T14:09:12.533,15091663,1,
github.com,rr,68116810,2021-06-24T13:33:31.710,6486677,1,68116956
github.com,rr,68124252,2021-06-25T01:05:12.527,828896,1,68137040
github.com,rr,68124606,2021-06-25T02:15:56.577,828896,1,68136975
github.com,rr,68149447,2021-06-27T08:46:34.397,8062903,1,
github.com,rr,68162249,2021-06-28T11:06:46.887,668455,1,
github.com,rr,68175709,2021-06-29T09:07:58.050,828896,1,68175782
github.com,rr,68210837,2021-07-01T13:09:28.407,16353695,1,
github.com,rr,68231605,2021-07-02T21:58:28.323,16368477,1,
github.com,rr,68267492,2021-07-06T08:58:40.133,763935,1,
github.com,rr,68271344,2021-07-06T13:19:39.603,16343477,1,
github.com,rr,68283847,2021-07-07T09:58:56.600,4190598,1,
github.com,rr,68287403,2021-07-07T13:54:31.823,13083841,1,
github.com,rr,68326747,2021-07-10T10:12:36.540,2614250,1,
github.com,rr,68340503,2021-07-11T23:12:32.627,9091801,1,68340540
github.com,rr,68351244,2021-07-12T16:56:39.110,7933960,1,
github.com,rr,68443707,2021-07-19T16:08:44.353,10267337,1,
github.com,rr,68507898,2021-07-24T07:27:13.060,3426472,1,
github.com,rr,68509048,2021-07-24T10:19:13.097,16504649,1,
github.com,rr,68513844,2021-07-24T21:12:30.973,16504649,1,
github.com,rr,68534534,2021-07-26T18:00:14.513,9636037,1,
github.com,rr,68560614,2021-07-28T12:42:46.870,8009973,1,
github.com,rr,68738304,2021-08-11T08:13:27.410,9978524,1,
github.com,rr,68740401,2021-08-11T10:38:54.443,630623,1,
github.com,rr,68777836,2021-08-13T20:04:57.217,129486,1,68779398
github.com,rr,68827676,2021-08-18T06:48:26.513,5985958,1,
github.com,rr,68874174,2021-08-21T15:02:10.333,990129,1,68945009
github.com,rr,68981501,2021-08-30T09:07:18.967,14155735,1,
github.com,rr,68986397,2021-08-30T15:12:55.560,5120131,1,69016822
github.com,rr,69029799,2021-09-02T11:55:29.190,4619958,1,69241253
github.com,rr,69222805,2021-09-17T11:36:50.550,13658281,1,
github.com,rr,69342964,2021-09-27T07:49:32.727,9882791,1,
github.com,rr,69372950,2021-09-29T08:29:43.850,741795,1,
github.com,rr,69493448,2021-10-08T09:18:30.600,11168170,1,
github.com,rr,69508018,2021-10-09T15:13:36.867,4370279,1,
github.com,rr,69540044,2021-10-12T11:52:07.387,11168170,1,69966108
github.com,rr,69543808,2021-10-12T16:12:02.917,9789012,1,
github.com,rr,69592170,2021-10-16T02:10:22.013,828896,1,69592252
github.com,rr,69629067,2021-10-19T10:18:33.740,828896,1,69674786
github.com,rr,69670919,2021-10-22T03:01:20.730,828896,1,69694528
github.com,rr,69679741,2021-10-22T15:48:13.197,737457,1,
github.com,rr,69693392,2021-10-24T02:10:53.693,828896,1,69693487
github.com,rr,69693583,2021-10-24T03:10:19.987,828896,1,69693738
github.com,rr,69706347,2021-10-25T10:20:17.153,828896,1,69706532
github.com,rr,69717113,2021-10-26T03:20:46.733,828896,1,69717432
github.com,rr,69725035,2021-10-26T14:31:57.363,7767664,1,69727048
github.com,rr,69732128,2021-10-27T02:41:16.020,828896,1,69732261
github.com,rr,69733027,2021-10-27T05:06:12.153,1853912,1,
github.com,rr,69733447,2021-10-27T05:52:47.973,828896,1,69733987
github.com,rr,69762710,2021-10-29T01:46:35.367,828896,1,69765481
github.com,rr,69766354,2021-10-29T09:14:06.210,828896,1,
github.com,rr,69841909,2021-11-04T15:41:35.977,7906057,1,
github.com,rr,69956577,2021-11-13T17:20:16.410,11753191,1,69957381
github.com,rr,69980239,2021-11-15T20:07:53.110,11813571,1,69981111
github.com,rr,70100956,2021-11-24T18:04:18.350,12791617,1,
github.com,rr,70120249,2021-11-26T06:18:14.503,17123424,1,70120384
github.com,rr,70164411,2021-11-30T04:43:12.550,3992260,1,
github.com,rr,70190761,2021-12-01T20:22:25.187,3536095,1,
github.com,rr,70202775,2021-12-02T16:04:17.110,17302576,1,70203227
github.com,rr,70273157,2021-12-08T10:06:11.607,13182309,1,
github.com,rr,70279262,2021-12-08T17:27:38.590,859225,1,70545659
github.com,rr,70285658,2021-12-09T06:39:14.917,644010,1,
github.com,rr,70287710,2021-12-09T09:45:23.230,1315447,1,70287924
github.com,rr,70304037,2021-12-10T11:46:26.947,2670830,1,
github.com,rr,70363041,2021-12-15T11:38:43.480,3478906,1,
github.com,rr,70470990,2021-12-24T08:34:50.517,2087344,1,
github.com,rr,70554165,2022-01-02T07:01:44.467,1175051,1,
github.com,rr,70560908,2022-01-03T01:13:53.967,17818420,1,70561027
github.com,rr,70584888,2022-01-04T20:50:13.893,14552676,1,
github.com,rr,70640436,2022-01-09T10:36:56.113,1328355,1,
github.com,rr,70660766,2022-01-11T01:46:36.037,11943929,1,70736083
github.com,rr,70756406,2022-01-18T13:31:42.067,14236181,1,
github.com,rr,70759555,2022-01-18T17:04:31.940,5871751,1,
github.com,rr,70790138,2022-01-20T16:45:48.547,2946864,1,70790523
github.com,rr,70801968,2022-01-21T13:20:35.440,183575,1,70862583
github.com,rr,70846435,2022-01-25T09:44:18.740,6060723,1,
github.com,rr,70858513,2022-01-26T03:56:30.870,17415483,1,
github.com,rr,70930849,2022-01-31T18:14:00.540,8661680,1,71380558
github.com,rr,70984748,2022-02-04T10:22:05.347,2976366,1,70992479
github.com,rr,71073302,2022-02-10T22:59:35.027,499125,1,71073407
github.com,rr,71150537,2022-02-16T23:21:24.027,9467134,1,
github.com,rr,71185033,2022-02-19T12:35:07.203,4512868,1,
github.com,rr,71251832,2022-02-24T12:17:00.057,5261361,1,71278214
github.com,rr,71273605,2022-02-26T02:21:21.373,8143136,1,
github.com,rr,71348556,2022-03-04T08:30:13.223,5229463,1,
github.com,rr,71382014,2022-03-07T13:43:31.077,18038680,1,
github.com,rr,71415815,2022-03-09T20:48:27.010,18422857,1,71415888
github.com,rr,71437819,2022-03-11T11:27:09.953,4478835,1,
github.com,rr,71445630,2022-03-11T23:19:55.910,1866373,1,
github.com,rr,71539722,2022-03-19T16:00:13.147,10742101,1,
github.com,rr,71601256,2022-03-24T10:59:59.080,828896,1,71603879
github.com,rr,71605765,2022-03-24T16:07:14.493,16484156,1,
github.com,rr,71610319,2022-03-24T22:49:50.033,18573319,1,71612587
github.com,rr,71611406,2022-03-25T02:10:07.820,18516947,1,
github.com,rr,71674153,2022-03-30T08:44:48.940,7767664,1,71674538
github.com,rr,71706002,2022-04-01T11:11:44.527,5769118,1,
github.com,rr,71804697,2022-04-09T01:51:36.323,17836058,1,71804977
github.com,rr,71815650,2022-04-10T10:18:37.257,16454352,1,
github.com,rr,71916810,2022-04-18T20:35:40.490,492482,1,
github.com,rr,72168572,2022-05-09T07:48:19.637,467650,1,72345807
github.com,rr,72177114,2022-05-09T19:10:27.030,19079695,1,
github.com,rr,72253362,2022-05-16T01:25:58.810,2795677,1,
github.com,rr,72317315,2022-05-20T10:23:15.150,828896,1,72421286
github.com,rr,72395720,2022-05-26T17:21:41.787,4138919,1,
github.com,rr,72415978,2022-05-28T13:12:31.123,15597975,1,
github.com,rr,72424644,2022-05-29T14:45:43.320,7084340,1,
github.com,rr,72432667,2022-05-30T10:13:36.273,489902,1,
github.com,rr,72455254,2022-06-01T00:12:15.023,9820469,1,
github.com,rr,72470316,2022-06-02T03:24:59.390,5580366,1,72470735
github.com,rr,72573722,2022-06-10T11:42:40.360,9635131,1,72818790
github.com,rr,72581176,2022-06-11T01:49:26.227,19317266,1,72584765
github.com,rr,72725161,2022-06-23T05:53:35.057,975959,1,72797747
github.com,rr,72734968,2022-06-23T18:27:35.677,19393618,1,
github.com,rr,72785452,2022-06-28T11:15:34.470,13531449,1,72787616
github.com,rr,72799888,2022-06-29T10:31:58.573,11041834,1,
github.com,rr,72809438,2022-06-30T01:35:32.943,14117210,1,
github.com,rr,72815050,2022-06-30T11:33:36.177,1368428,1,
github.com,rr,72881825,2022-07-06T10:21:54.707,8701126,1,
github.com,rr,72901672,2022-07-07T16:56:09.647,1816142,1,
github.com,rr,72949253,2022-07-12T08:29:41.053,1711423,1,
github.com,rr,72967400,2022-07-13T13:45:27.047,13460098,1,72967796
github.com,rr,73048747,2022-07-20T09:03:26.590,8182504,1,73104752
github.com,rr,73167497,2022-07-29T13:25:46.590,1375882,1,
github.com,rr,73194161,2022-08-01T13:07:34.187,1034229,1,
github.com,rr,73202741,2022-08-02T06:12:52.460,5255006,1,
github.com,rr,73207394,2022-08-02T12:16:33.250,19674272,1,
github.com,rr,73238803,2022-08-04T15:48:53.567,1014873,1,
github.com,rr,73250921,2022-08-05T13:56:11.673,19699566,1,
github.com,rr,73274007,2022-08-08T07:08:40.127,1375882,1,
github.com,rr,73275180,2022-08-08T08:51:09.017,1375882,1,
github.com,rr,73292876,2022-08-09T13:41:57.207,1375882,1,
github.com,rr,73304591,2022-08-10T10:24:01.240,9116813,1,
github.com,rr,73316817,2022-08-11T07:27:32.960,828896,1,73317023
github.com,rr,73385557,2022-08-17T08:53:37.863,9160119,1,
github.com,rr,73386331,2022-08-17T09:48:57.060,702267,1,
github.com,rr,73414801,2022-08-19T09:41:03.730,3904125,1,
github.com,rr,73491237,2022-08-25T16:59:43.293,19814590,1,
github.com,rr,73554630,2022-08-31T10:37:19.193,9344945,1,73567018
github.com,rr,73571979,2022-09-01T15:29:58.637,14305770,1,73969829
github.com,rr,73677452,2022-09-11T07:07:50.430,828896,1,
github.com,rr,73680519,2022-09-11T15:32:53.360,2711864,1,
github.com,rr,73742226,2022-09-16T08:45:45.187,8067131,1,
github.com,rr,73961658,2022-10-05T14:09:02.957,132296,1,
github.com,rr,73967960,2022-10-06T01:59:01.900,11048731,1,75659023
github.com,rr,73973953,2022-10-06T12:39:33.187,855846,1,73975160
github.com,rr,74038896,2022-10-12T08:40:26.900,19073973,1,
github.com,rr,74089871,2022-10-16T18:48:35.887,4138919,1,
github.com,rr,74091673,2022-10-17T00:55:16.093,828896,1,74091882
github.com,rr,74092059,2022-10-17T02:26:44.547,828896,1,74165247
github.com,rr,74133545,2022-10-20T01:32:12.850,828896,1,74161406
github.com,rr,74136694,2022-10-20T08:30:00.977,828896,1,74137092
github.com,rr,74260250,2022-10-31T07:58:36.927,18286294,1,
github.com,rr,74361197,2022-11-08T13:02:20.213,17952421,1,74363723
github.com,rr,74419332,2022-11-13T07:56:16.030,1079990,1,
github.com,rr,74515542,2022-11-21T07:31:30.050,828896,1,74619909
github.com,rr,74576594,2022-11-25T18:15:00.800,10321664,1,74583656
github.com,rr,74582375,2022-11-26T12:59:10.157,15597975,1,74582789
github.com,rr,74589147,2022-11-27T10:16:38.053,12062895,1,
github.com,rr,74630647,2022-11-30T15:55:55.913,4903876,1,
github.com,rr,74639472,2022-12-01T09:17:16.983,19781877,1,
github.com,rr,74640407,2022-12-01T10:29:07.697,5484596,1,74667391
github.com,rr,74646104,2022-12-01T17:46:13.367,6272866,1,
github.com,rr,74654151,2022-12-02T10:19:34.037,2117459,1,
github.com,rr,74700886,2022-12-06T10:25:59.917,20701244,1,
github.com,rr,74714248,2022-12-07T09:17:46.900,14335049,1,
github.com,rr,74768233,2022-12-12T08:10:45.760,1375882,1,
github.com,rr,74781384,2022-12-13T07:35:52.843,8572329,1,
github.com,rr,74793474,2022-12-14T04:07:06.593,2043960,1,
github.com,rr,74795174,2022-12-14T08:04:59.343,20773213,1,
github.com,rr,74811842,2022-12-15T12:52:26.460,5874844,1,
github.com,rr,74867275,2022-12-20T18:14:42.010,12228296,1,74876629
github.com,rr,74879331,2022-12-21T16:57:24.117,3354265,1,
github.com,rr,74944028,2022-12-28T18:59:06.370,11110509,1,74966343
github.com,rr,74983330,2023-01-02T14:01:51.610,13558952,1,
github.com,rr,75077083,2023-01-11T00:03:04.517,3608785,1,
github.com,rr,75134958,2023-01-16T13:34:28.330,11426020,1,
github.com,rr,75202326,2023-01-22T17:08:47.010,1332872,1,
github.com,rr,75212685,2023-01-23T16:58:30.497,3459089,1,
github.com,rr,75295307,2023-01-31T09:49:18.307,5165631,1,
github.com,rr,75378697,2023-02-07T20:31:47.820,4200187,1,
github.com,rr,75385854,2023-02-08T12:33:50.880,1315447,1,
github.com,rr,75391157,2023-02-08T20:01:10.340,4898850,1,
github.com,rr,75392172,2023-02-08T21:59:53.260,337455,1,
github.com,rr,75412241,2023-02-10T14:06:47.667,4964009,1,
github.com,rr,75455218,2023-02-15T03:21:35.907,20057970,1,77393816
github.com,rr,75495824,2023-02-18T19:22:55.193,15597975,1,75692828
github.com,rr,75517788,2023-02-21T08:12:48.223,11793117,1,75523696
github.com,rr,75583497,2023-02-27T17:09:16.353,16477764,1,
github.com,rr,75721334,2023-03-13T11:34:55.060,7767664,1,75721679
github.com,rr,75764660,2023-03-17T07:12:09.663,21417559,1,
github.com,rr,75768757,2023-03-17T14:24:59.000,12379488,1,
github.com,rr,75831118,2023-03-24T07:51:02.670,21479456,1,
github.com,rr,75831449,2023-03-24T08:31:30.140,7500651,1,
github.com,rr,75834654,2023-03-24T14:05:49.297,14332583,1,
github.com,rr,75855649,2023-03-27T12:18:20.317,7767664,1,75856486
github.com,rr,75907763,2023-04-01T17:24:20.537,21544331,1,76852460
github.com,rr,75940227,2023-04-05T13:45:12.963,4966265,1,
github.com,rr,75958426,2023-04-07T12:28:29.477,298288,1,
github.com,rr,75965916,2023-04-08T14:53:39.257,21404883,1,
github.com,rr,76008772,2023-04-13T18:37:06.190,21636651,1,
github.com,rr,76040679,2023-04-18T02:39:49.850,19659923,1,76040726
github.com,rr,76045365,2023-04-18T13:44:08.877,12956917,1,
github.com,rr,76049722,2023-04-18T23:29:37.090,20133009,1,
github.com,rr,76051526,2023-04-19T06:55:36.747,7279304,1,
github.com,rr,76139169,2023-04-30T01:22:24.373,19054870,1,
github.com,rr,76157365,2023-05-02T17:21:13.793,7767664,1,
github.com,rr,76186325,2023-05-05T22:51:01.263,9795906,1,
github.com,rr,76205159,2023-05-09T00:32:24.403,4744263,1,
github.com,rr,76209223,2023-05-09T12:11:09.087,6429062,1,
github.com,rr,76326962,2023-05-24T19:50:35.073,7406511,1,
github.com,rr,76376942,2023-05-31T20:12:13.993,2703209,1,
github.com,rr,76404243,2023-06-05T07:19:29.547,828896,1,76407457
github.com,rr,76413039,2023-06-06T09:06:10.173,828896,1,
github.com,rr,76428050,2023-06-08T01:30:41.183,828896,1,76431705
github.com,rr,76442235,2023-06-09T16:40:31.280,10365380,1,
github.com,rr,76454276,2023-06-12T07:05:47.227,13370504,1,76459011
github.com,rr,76483173,2023-06-15T13:48:58.110,11971209,1,
github.com,rr,76528454,2023-06-22T03:33:51.763,828896,1,76586020
github.com,rr,76570546,2023-06-28T06:22:43.070,6425584,1,
github.com,rr,76573968,2023-06-28T14:04:51.003,21056841,1,76574305
github.com,rr,76578796,2023-06-29T07:13:33.713,20447173,1,
github.com,rr,76580044,2023-06-29T10:06:27.400,2412909,1,
github.com,rr,76620991,2023-07-05T13:46:32.153,3027124,1,
github.com,rr,76633910,2023-07-07T04:15:45.960,7637376,1,
github.com,rr,76677079,2023-07-13T07:51:32.600,8187815,1,76677513
github.com,rr,76685433,2023-07-14T07:09:53.700,21197370,1,76692740
github.com,rr,76710253,2023-07-18T07:05:58.607,1397821,1,76725077
github.com,rr,76720791,2023-07-19T11:25:24.197,14274660,1,
github.com,rr,76759087,2023-07-25T02:19:37.673,828896,1,
github.com,rr,76778926,2023-07-27T10:40:29.657,21868331,1,
github.com,rr,76780056,2023-07-27T13:06:31.230,9511089,1,
github.com,rr,76834882,2023-08-04T10:01:44.407,20898616,1,
github.com,rr,76842673,2023-08-05T16:56:48.437,19371763,1,76888586
github.com,rr,76855573,2023-08-07T22:52:22.553,6540,1,
github.com,rr,76857111,2023-08-08T06:56:04.950,20898616,1,
github.com,rr,76859666,2023-08-08T12:39:37.863,10629280,1,
github.com,rr,76873575,2023-08-10T07:41:35.940,10207502,1,
github.com,rr,76888858,2023-08-12T10:32:40.030,8551764,1,
github.com,rr,76912586,2023-08-16T10:10:45.060,6751083,1,76918823
github.com,rr,76920759,2023-08-17T10:44:21.070,2289835,1,
github.com,rr,76921943,2023-08-17T13:21:36.067,20279785,1,
github.com,rr,76960994,2023-08-23T11:38:09.507,7767664,1,
github.com,rr,76989951,2023-08-28T03:54:32.987,3826764,1,
github.com,rr,77002551,2023-08-29T17:47:11.443,10262233,1,
github.com,rr,77004643,2023-08-30T02:33:47.643,277480,1,
github.com,rr,77005981,2023-08-30T07:56:33.803,22469750,1,
github.com,rr,77019845,2023-08-31T23:53:25.553,3657747,1,
github.com,rr,77101459,2023-09-14T02:38:49.357,3274094,1,
github.com,rr,77196774,2023-09-28T16:31:20.437,3262799,1,77197255
github.com,rr,77203710,2023-09-29T17:10:28.877,5617087,1,
github.com,rr,77247165,2023-10-06T20:18:17.673,1877798,1,
github.com,rr,77279080,2023-10-12T08:48:48.693,5595926,1,
github.com,rr,77297409,2023-10-15T15:52:44.370,15597975,1,77297541
github.com,rr,77305870,2023-10-17T02:25:15.863,7621652,1,
github.com,rr,77323704,2023-10-19T12:19:57.340,22768458,1,
github.com,rr,77326720,2023-10-19T19:55:52.750,7741377,1,
github.com,rr,77341468,2023-10-22T19:47:53.717,870122,1,
github.com,rr,77362607,2023-10-25T20:11:32.470,16009783,1,77362724
github.com,rr,77410403,2023-11-02T14:24:42.050,22845123,1,77423516
github.com,rr,77482495,2023-11-14T17:01:06.973,6736299,1,
github.com,rr,77509620,2023-11-19T04:44:20.267,1201089,1,
github.com,rr,77521746,2023-11-21T09:40:42.727,10384840,1,
github.com,rr,77539388,2023-11-23T20:04:06.690,9338303,1,
github.com,rr,77560830,2023-11-28T01:16:31.577,22340485,1,
github.com,rr,77569804,2023-11-29T09:07:16.603,7311026,1,
github.com,rr,77587694,2023-12-01T19:39:20.360,7335974,1,
github.com,codelab-exoplayer-intro,77560830,2023-11-28T01:16:31.577,22340485,1,
github.com,permissions-samples,72901672,2022-07-07T16:56:09.647,1816142,1,
github.com,databinding-samples,62548454,2020-06-24T05:44:26.230,828896,1,62554151
github.com,databinding-samples,62554760,2020-06-24T12:12:45.410,828896,1,62723744
github.com,databinding-samples,62566943,2020-06-25T02:27:58.750,828896,1,62567181
github.com,databinding-samples,62649477,2020-06-30T02:40:13.937,5890321,1,
github.com,codelab-android-navigation,77341468,2023-10-22T19:47:53.717,870122,1,
github.com,fit-samples,63072388,2020-07-24T11:11:01.797,4858690,1,
github.com,fit-samples,63754503,2020-09-05T13:36:51.337,9195060,1,
github.com,fit-samples,64865060,2020-11-16T20:13:05.887,2255569,1,
github.com,fit-samples,65735897,2021-01-15T12:12:24.593,13155510,1,65840884
github.com,fit-samples,65800879,2021-01-19T23:09:41.280,8876227,1,66247866
github.com,fit-samples,66330616,2021-02-23T09:41:03.043,15265676,1,
github.com,fit-samples,67582671,2021-05-18T08:34:36.347,5896977,1,
github.com,fit-samples,69679741,2021-10-22T15:48:13.197,737457,1,
github.com,kotlin,58654326,2019-11-01T05:03:09.640,6182318,1,58656441
github.com,kotlin,58690514,2019-11-04T09:32:12.063,5097539,1,
github.com,kotlin,58714389,2019-11-05T15:19:00.760,7114714,1,
github.com,kotlin,58817055,2019-11-12T10:47:11.523,3952802,1,58817572
github.com,kotlin,58976619,2019-11-21T13:54:54.783,818455,1,
github.com,kotlin,59002902,2019-11-22T23:04:23.443,3248451,1,
github.com,kotlin,59147208,2019-12-02T21:55:06.957,10723547,1,59162111
github.com,kotlin,59901731,2020-01-24T18:15:41.457,11793333,1,61739499
github.com,kotlin,60238020,2020-02-15T10:51:26.480,7947113,1,60238167
github.com,kotlin,60612026,2020-03-10T05:32:24.097,10124152,1,60620487
github.com,kotlin,61017986,2020-04-03T18:12:11.547,10753343,1,61018086
github.com,kotlin,61213780,2020-04-14T17:34:42.800,13258682,1,
github.com,kotlin,61314478,2020-04-20T02:59:51.530,828896,1,61314804
github.com,kotlin,61316301,2020-04-20T06:27:00.137,828896,1,61316421
github.com,kotlin,61331753,2020-04-20T20:46:08.950,11313616,1,
github.com,kotlin,61433558,2020-04-25T22:42:41.700,9578385,1,61449895
github.com,kotlin,61463006,2020-04-27T15:57:19.510,4370279,1,
github.com,kotlin,61535060,2020-05-01T00:29:52.233,3268303,1,61575233
github.com,kotlin,61554371,2020-05-02T04:14:33.760,,1,
github.com,kotlin,61626653,2020-05-06T03:04:42.153,951745,1,61667611
github.com,kotlin,61650988,2020-05-07T06:05:33.003,9625007,1,
github.com,kotlin,61827683,2020-05-15T20:18:02.437,2253682,1,
github.com,kotlin,61830836,2020-05-16T01:39:13.120,828896,1,61907682
github.com,kotlin,61857053,2020-05-17T18:50:39.943,4954232,1,61891119
github.com,kotlin,61865447,2020-05-18T08:27:31.640,828896,1,62001344
github.com,kotlin,61907342,2020-05-20T07:24:46.200,828896,1,62218448
github.com,kotlin,61926353,2020-05-21T02:49:59.520,828896,1,62188219
github.com,kotlin,62259665,2020-06-08T10:07:45.613,7429499,1,62264049
github.com,kotlin,62282686,2020-06-09T12:32:32.567,,1,62299067
github.com,kotlin,63174125,2020-07-30T13:20:37.713,7767664,1,63187231
github.com,kotlin,63227159,2020-08-03T09:47:44.553,2256937,1,
github.com,kotlin,63869141,2020-09-13T09:24:26.757,4035036,1,63878281
github.com,kotlin,64057480,2020-09-25T03:43:43.850,2638048,1,
github.com,kotlin,64219756,2020-10-06T05:15:38.550,4884605,1,
github.com,kotlin,64275072,2020-10-09T06:38:47.130,5257901,1,64613418
github.com,kotlin,64364162,2020-10-15T02:53:18.207,9861403,1,
github.com,kotlin,64865060,2020-11-16T20:13:05.887,2255569,1,
github.com,kotlin,65218788,2020-12-09T14:30:44.950,10159898,1,
github.com,kotlin,65517701,2020-12-31T07:04:30.557,737172,1,
github.com,kotlin,65735897,2021-01-15T12:12:24.593,13155510,1,65840884
github.com,kotlin,66318595,2021-02-22T15:28:38.230,8980240,1,66325671
github.com,kotlin,66330616,2021-02-23T09:41:03.043,15265676,1,
github.com,kotlin,66342852,2021-02-24T00:10:55.287,2016805,1,
github.com,kotlin,66449161,2021-03-03T00:45:50.983,15318563,1,
github.com,kotlin,66551858,2021-03-09T17:27:08.320,1228221,1,66638586
github.com,kotlin,66678667,2021-03-17T17:56:03.757,7386018,1,66679028
github.com,kotlin,67179023,2021-04-20T12:32:35.193,1898527,1,
github.com,kotlin,67250986,2021-04-25T07:49:21.937,13718008,1,
github.com,kotlin,67378308,2021-05-04T03:11:16.887,9636037,1,67381541
github.com,kotlin,67504879,2021-05-12T13:42:34.417,737172,1,67508315
github.com,kotlin,67854525,2021-06-05T22:55:59.827,6938602,1,
github.com,kotlin,67900108,2021-06-09T08:11:04.300,13621090,1,
github.com,kotlin,67966453,2021-06-14T07:39:46.670,1644053,1,
github.com,kotlin,68085104,2021-06-22T14:09:12.533,15091663,1,
github.com,kotlin,68231605,2021-07-02T21:58:28.323,16368477,1,
github.com,kotlin,68351244,2021-07-12T16:56:39.110,7933960,1,
github.com,kotlin,68507898,2021-07-24T07:27:13.060,3426472,1,
github.com,kotlin,68560614,2021-07-28T12:42:46.870,8009973,1,
github.com,kotlin,68738304,2021-08-11T08:13:27.410,9978524,1,
github.com,kotlin,68986397,2021-08-30T15:12:55.560,5120131,1,69016822
github.com,kotlin,69493448,2021-10-08T09:18:30.600,11168170,1,
github.com,kotlin,69540044,2021-10-12T11:52:07.387,11168170,1,69966108
github.com,kotlin,69766354,2021-10-29T09:14:06.210,828896,1,
github.com,kotlin,70100956,2021-11-24T18:04:18.350,12791617,1,
github.com,kotlin,70190761,2021-12-01T20:22:25.187,3536095,1,
github.com,kotlin,70202775,2021-12-02T16:04:17.110,17302576,1,70203227
github.com,kotlin,70801968,2022-01-21T13:20:35.440,183575,1,70862583
github.com,kotlin,70846435,2022-01-25T09:44:18.740,6060723,1,
github.com,kotlin,70984748,2022-02-04T10:22:05.347,2976366,1,70992479
github.com,kotlin,71348556,2022-03-04T08:30:13.223,5229463,1,
github.com,kotlin,72470316,2022-06-02T03:24:59.390,5580366,1,72470735
github.com,kotlin,72581176,2022-06-11T01:49:26.227,19317266,1,72584765
github.com,kotlin,72809438,2022-06-30T01:35:32.943,14117210,1,
github.com,kotlin,73194161,2022-08-01T13:07:34.187,1034229,1,
github.com,kotlin,73238803,2022-08-04T15:48:53.567,1014873,1,
github.com,kotlin,73304591,2022-08-10T10:24:01.240,9116813,1,
github.com,kotlin,73386331,2022-08-17T09:48:57.060,702267,1,
github.com,kotlin,74582375,2022-11-26T12:59:10.157,15597975,1,74582789
github.com,kotlin,74639472,2022-12-01T09:17:16.983,19781877,1,
github.com,kotlin,74640407,2022-12-01T10:29:07.697,5484596,1,74667391
github.com,kotlin,75295307,2023-01-31T09:49:18.307,5165631,1,
github.com,kotlin,75392172,2023-02-08T21:59:53.260,337455,1,
github.com,kotlin,75764660,2023-03-17T07:12:09.663,21417559,1,
github.com,kotlin,75831449,2023-03-24T08:31:30.140,7500651,1,
github.com,kotlin,76040679,2023-04-18T02:39:49.850,19659923,1,76040726
github.com,kotlin,76045365,2023-04-18T13:44:08.877,12956917,1,
github.com,kotlin,76483173,2023-06-15T13:48:58.110,11971209,1,
github.com,kotlin,76573968,2023-06-28T14:04:51.003,21056841,1,76574305
github.com,kotlin,76633910,2023-07-07T04:15:45.960,7637376,1,
github.com,kotlin,76855573,2023-08-07T22:52:22.553,6540,1,
github.com,kotlin,77005981,2023-08-30T07:56:33.803,22469750,1,
github.com,kotlin,77101459,2023-09-14T02:38:49.357,3274094,1,
github.com,kotlin,77297409,2023-10-15T15:52:44.370,15597975,1,77297541
github.com,kotlin,77323704,2023-10-19T12:19:57.340,22768458,1,
github.com,.github,58976619,2019-11-21T13:54:54.783,818455,1,
github.com,.github,64057480,2020-09-25T03:43:43.850,2638048,1,
github.com,.github,66412672,2021-02-28T18:43:44.540,2690527,1,
github.com,.github,66627912,2021-03-14T18:07:21.413,15394894,1,66713643
github.com,.github,68981501,2021-08-30T09:07:18.967,14155735,1,
github.com,.github,73961658,2022-10-05T14:09:02.957,132296,1,
github.com,.github,75517788,2023-02-21T08:12:48.223,11793117,1,75523696
github.com,.github,75768757,2023-03-17T14:24:59.000,12379488,1,
github.com,databinding-samples,62548454,2020-06-24T05:44:26.230,828896,1,62554151
github.com,databinding-samples,62554760,2020-06-24T12:12:45.410,828896,1,62723744
github.com,databinding-samples,62566943,2020-06-25T02:27:58.750,828896,1,62567181
github.com,databinding-samples,62649477,2020-06-30T02:40:13.937,5890321,1,
github.com,KEEP,68283847,2021-07-07T09:58:56.600,4190598,1,
github.com,KEEP,73674346,2022-09-10T18:36:45.430,13005391,1,75041648
